timestamp, power.draw [W], temperature.gpu, utilization.gpu [%], clocks.current.sm [MHz]
2026/06/17 12:37:28.121, 16.40 W, 64, 0 %, 1500 MHz
2026/06/17 12:37:29.125, 16.35 W, 65, 1 %, 1500 MHz
2026/06/17 12:37:30.141, 16.29 W, 64, 0 %, 1500 MHz
2026/06/17 12:37:31.155, 16.38 W, 64, 1 %, 1500 MHz
2026/06/17 12:37:32.169, 16.52 W, 65, 0 %, 1500 MHz
2026/06/17 12:37:33.185, 16.27 W, 65, 0 %, 1500 MHz
2026/06/17 12:37:34.200, 16.28 W, 65, 0 %, 1500 MHz
2026/06/17 12:37:35.216, 16.32 W, 65, 2 %, 1500 MHz
2026/06/17 12:37:36.231, 16.39 W, 65, 0 %, 1500 MHz
2026/06/17 12:37:37.235, 16.38 W, 65, 0 %, 1500 MHz
2026/06/17 12:37:38.250, 16.41 W, 65, 0 %, 1500 MHz
2026/06/17 12:37:39.255, 16.36 W, 65, 0 %, 1500 MHz
2026/06/17 12:37:40.269, 16.63 W, 65, 0 %, 1500 MHz
2026/06/17 12:37:41.280, 16.49 W, 65, 0 %, 1500 MHz
2026/06/17 12:37:42.295, 16.58 W, 65, 0 %, 1500 MHz
2026/06/17 12:37:43.310, 16.59 W, 65, 0 %, 1500 MHz
2026/06/17 12:37:44.319, 16.81 W, 66, 7 %, 1500 MHz
2026/06/17 12:37:45.325, 17.70 W, 66, 1 %, 1500 MHz
2026/06/17 12:37:46.338, 17.28 W, 66, 3 %, 1500 MHz
2026/06/17 12:37:47.346, 16.59 W, 66, 0 %, 1500 MHz
2026/06/17 12:37:48.355, 16.37 W, 66, 6 %, 1500 MHz
2026/06/17 12:37:49.440, 16.46 W, 66, 1 %, 1500 MHz
2026/06/17 12:37:50.466, 17.06 W, 66, 10 %, 1500 MHz
2026/06/17 12:37:51.471, 17.20 W, 67, 8 %, 1500 MHz
2026/06/17 12:37:52.486, 17.53 W, 67, 8 %, 1500 MHz
2026/06/17 12:37:53.502, 17.52 W, 67, 7 %, 1500 MHz
2026/06/17 12:37:54.518, 17.63 W, 67, 13 %, 1500 MHz
2026/06/17 12:37:55.530, 17.80 W, 68, 8 %, 1500 MHz
2026/06/17 12:37:56.543, 17.67 W, 68, 9 %, 1500 MHz
2026/06/17 12:37:57.545, 17.74 W, 68, 8 %, 1500 MHz
2026/06/17 12:37:58.558, 17.83 W, 68, 8 %, 1500 MHz
2026/06/17 12:37:59.571, 17.83 W, 68, 10 %, 1500 MHz
2026/06/17 12:38:00.588, 18.00 W, 69, 12 %, 1500 MHz
2026/06/17 12:38:01.601, 17.98 W, 68, 8 %, 1500 MHz
2026/06/17 12:38:02.613, 17.94 W, 69, 8 %, 1500 MHz
2026/06/17 12:38:03.625, 17.93 W, 69, 8 %, 1500 MHz
2026/06/17 12:38:04.633, 18.01 W, 69, 8 %, 1500 MHz
2026/06/17 12:38:05.644, 23.47 W, 70, 36 %, 1500 MHz
2026/06/17 12:38:06.654, 27.89 W, 71, 33 %, 1500 MHz
2026/06/17 12:38:07.668, 30.15 W, 71, 31 %, 1627 MHz
2026/06/17 12:38:08.681, 30.43 W, 72, 27 %, 1627 MHz
2026/06/17 12:38:09.696, 27.13 W, 71, 28 %, 1500 MHz
2026/06/17 12:38:10.713, 26.00 W, 71, 22 %, 1500 MHz
2026/06/17 12:38:11.725, 25.22 W, 71, 21 %, 1500 MHz
2026/06/17 12:38:12.739, 26.28 W, 71, 25 %, 1500 MHz
2026/06/17 12:38:13.757, 23.34 W, 71, 15 %, 1500 MHz
2026/06/17 12:38:14.772, 22.90 W, 70, 12 %, 1500 MHz
2026/06/17 12:38:15.782, 30.73 W, 72, 33 %, 1500 MHz
2026/06/17 12:38:16.795, 30.47 W, 72, 36 %, 1500 MHz
2026/06/17 12:38:17.808, 29.73 W, 72, 36 %, 1500 MHz
2026/06/17 12:38:18.819, 30.17 W, 73, 35 %, 1500 MHz
2026/06/17 12:38:19.837, 31.18 W, 73, 38 %, 1500 MHz
2026/06/17 12:38:20.849, 30.92 W, 73, 30 %, 1500 MHz
2026/06/17 12:38:21.862, 31.14 W, 73, 36 %, 1500 MHz
2026/06/17 12:38:22.874, 29.70 W, 73, 28 %, 1500 MHz
2026/06/17 12:38:23.890, 30.60 W, 73, 35 %, 1500 MHz
2026/06/17 12:38:24.904, 29.79 W, 73, 34 %, 1500 MHz
2026/06/17 12:38:25.917, 29.24 W, 73, 34 %, 1500 MHz
2026/06/17 12:38:26.930, 29.68 W, 73, 35 %, 1500 MHz
2026/06/17 12:38:27.951, 27.42 W, 73, 30 %, 1500 MHz
2026/06/17 12:38:28.986, 29.27 W, 74, 32 %, 1500 MHz
2026/06/17 12:38:30.003, 30.05 W, 74, 33 %, 1500 MHz
2026/06/17 12:38:31.010, 26.54 W, 74, 31 %, 1500 MHz
2026/06/17 12:38:32.025, 28.90 W, 74, 32 %, 1500 MHz
2026/06/17 12:38:33.035, 30.43 W, 74, 33 %, 1500 MHz
2026/06/17 12:38:34.048, 28.94 W, 74, 29 %, 1500 MHz
2026/06/17 12:38:35.066, 29.41 W, 74, 35 %, 1500 MHz
2026/06/17 12:38:36.081, 29.13 W, 74, 32 %, 1500 MHz
2026/06/17 12:38:37.094, 30.81 W, 75, 34 %, 1500 MHz
2026/06/17 12:38:38.106, 31.43 W, 75, 36 %, 1500 MHz
2026/06/17 12:38:39.120, 30.63 W, 75, 29 %, 1500 MHz
2026/06/17 12:38:40.126, 31.98 W, 75, 37 %, 1500 MHz
2026/06/17 12:38:41.142, 30.68 W, 75, 34 %, 1500 MHz
2026/06/17 12:38:42.155, 31.73 W, 75, 36 %, 1500 MHz
2026/06/17 12:38:43.166, 32.14 W, 75, 37 %, 1500 MHz
2026/06/17 12:38:44.181, 28.97 W, 75, 32 %, 1500 MHz
2026/06/17 12:38:45.196, 30.26 W, 75, 33 %, 1500 MHz
2026/06/17 12:38:46.210, 30.25 W, 75, 32 %, 1500 MHz
2026/06/17 12:38:47.225, 29.92 W, 75, 33 %, 1500 MHz
2026/06/17 12:38:48.234, 30.01 W, 76, 35 %, 1500 MHz
2026/06/17 12:38:49.246, 30.74 W, 75, 34 %, 1500 MHz
2026/06/17 12:38:50.257, 31.55 W, 76, 36 %, 1500 MHz
2026/06/17 12:38:51.274, 29.48 W, 75, 28 %, 1500 MHz
2026/06/17 12:38:52.286, 30.35 W, 76, 34 %, 1500 MHz
2026/06/17 12:38:53.294, 30.59 W, 76, 33 %, 1500 MHz
2026/06/17 12:38:54.302, 30.17 W, 76, 32 %, 1500 MHz
2026/06/17 12:38:55.316, 31.26 W, 76, 35 %, 1500 MHz
2026/06/17 12:38:56.328, 30.50 W, 76, 34 %, 1500 MHz
2026/06/17 12:38:57.342, 29.33 W, 76, 33 %, 1500 MHz
2026/06/17 12:38:58.354, 29.61 W, 76, 33 %, 1500 MHz
2026/06/17 12:38:59.369, 27.70 W, 76, 27 %, 1500 MHz
2026/06/17 12:39:00.382, 30.80 W, 76, 31 %, 1500 MHz
2026/06/17 12:39:01.391, 29.75 W, 76, 31 %, 1500 MHz
2026/06/17 12:39:02.402, 29.16 W, 76, 26 %, 1500 MHz
2026/06/17 12:39:03.416, 30.45 W, 77, 34 %, 1500 MHz
2026/06/17 12:39:04.425, 31.34 W, 77, 35 %, 1500 MHz
2026/06/17 12:39:05.441, 31.22 W, 76, 35 %, 1500 MHz
2026/06/17 12:39:06.458, 31.77 W, 77, 36 %, 1500 MHz
2026/06/17 12:39:07.471, 29.62 W, 77, 27 %, 1500 MHz
2026/06/17 12:39:08.486, 31.19 W, 77, 35 %, 1500 MHz
2026/06/17 12:39:09.495, 31.26 W, 77, 34 %, 1500 MHz
2026/06/17 12:39:10.507, 32.12 W, 77, 36 %, 1500 MHz
2026/06/17 12:39:11.521, 31.80 W, 77, 34 %, 1500 MHz
2026/06/17 12:39:12.534, 30.14 W, 77, 29 %, 1500 MHz
2026/06/17 12:39:13.551, 29.60 W, 77, 31 %, 1500 MHz
2026/06/17 12:39:14.563, 29.06 W, 77, 29 %, 1500 MHz
2026/06/17 12:39:15.577, 29.81 W, 77, 32 %, 1500 MHz
2026/06/17 12:39:16.591, 29.43 W, 77, 29 %, 1500 MHz
2026/06/17 12:39:17.607, 29.20 W, 77, 31 %, 1500 MHz
2026/06/17 12:39:18.622, 31.61 W, 77, 32 %, 1500 MHz
2026/06/17 12:39:19.638, 31.41 W, 77, 34 %, 1500 MHz
2026/06/17 12:39:20.653, 30.68 W, 77, 34 %, 1500 MHz
2026/06/17 12:39:21.665, 32.10 W, 78, 34 %, 1500 MHz
2026/06/17 12:39:22.676, 30.95 W, 77, 34 %, 1500 MHz
2026/06/17 12:39:23.691, 31.65 W, 77, 34 %, 1500 MHz
2026/06/17 12:39:24.703, 32.69 W, 77, 36 %, 1500 MHz
2026/06/17 12:39:25.717, 29.96 W, 78, 27 %, 1500 MHz
2026/06/17 12:39:26.731, 32.41 W, 78, 37 %, 1500 MHz
2026/06/17 12:39:27.745, 32.74 W, 77, 37 %, 1500 MHz
2026/06/17 12:39:28.756, 22.21 W, 78, 37 %, 1500 MHz
2026/06/17 12:39:29.772, 31.70 W, 78, 34 %, 1500 MHz
2026/06/17 12:39:30.786, 30.51 W, 77, 30 %, 1500 MHz
2026/06/17 12:39:31.799, 30.43 W, 77, 26 %, 1500 MHz
2026/06/17 12:39:32.812, 30.35 W, 78, 34 %, 1500 MHz
2026/06/17 12:39:33.829, 28.64 W, 77, 29 %, 1500 MHz
2026/06/17 12:39:34.841, 30.73 W, 78, 32 %, 1500 MHz
2026/06/17 12:39:35.854, 29.91 W, 77, 31 %, 1500 MHz
2026/06/17 12:39:36.866, 28.85 W, 77, 30 %, 1500 MHz
2026/06/17 12:39:37.884, 29.85 W, 78, 31 %, 1500 MHz
2026/06/17 12:39:38.901, 29.37 W, 77, 30 %, 1500 MHz
2026/06/17 12:39:39.911, 29.52 W, 78, 29 %, 1500 MHz
2026/06/17 12:39:40.922, 30.33 W, 77, 31 %, 1500 MHz
2026/06/17 12:39:41.936, 29.49 W, 78, 25 %, 1500 MHz
2026/06/17 12:39:42.955, 30.34 W, 78, 31 %, 1500 MHz
2026/06/17 12:39:43.966, 30.77 W, 78, 33 %, 1500 MHz
2026/06/17 12:39:44.980, 33.47 W, 78, 38 %, 1500 MHz
2026/06/17 12:39:45.994, 33.15 W, 78, 37 %, 1500 MHz
2026/06/17 12:39:47.007, 31.78 W, 78, 36 %, 1500 MHz
2026/06/17 12:39:48.018, 30.88 W, 78, 34 %, 1500 MHz
2026/06/17 12:39:49.033, 30.70 W, 78, 32 %, 1500 MHz
2026/06/17 12:39:50.045, 30.82 W, 78, 25 %, 1500 MHz
2026/06/17 12:39:51.060, 32.17 W, 78, 36 %, 1500 MHz
2026/06/17 12:39:52.077, 31.83 W, 78, 34 %, 1500 MHz
2026/06/17 12:39:53.095, 31.55 W, 78, 36 %, 1500 MHz
2026/06/17 12:39:54.109, 31.40 W, 78, 30 %, 1500 MHz
2026/06/17 12:39:55.127, 32.62 W, 78, 37 %, 1500 MHz
2026/06/17 12:39:56.142, 33.24 W, 79, 37 %, 1500 MHz
2026/06/17 12:39:57.156, 33.07 W, 78, 37 %, 1500 MHz
2026/06/17 12:39:58.166, 29.82 W, 78, 32 %, 1500 MHz
2026/06/17 12:39:59.177, 27.66 W, 78, 29 %, 1500 MHz
2026/06/17 12:40:00.190, 30.72 W, 78, 32 %, 1500 MHz
2026/06/17 12:40:01.204, 32.23 W, 78, 36 %, 1500 MHz
2026/06/17 12:40:02.213, 31.48 W, 78, 28 %, 1500 MHz
2026/06/17 12:40:03.221, 31.95 W, 79, 39 %, 1500 MHz
2026/06/17 12:40:04.238, 33.40 W, 78, 38 %, 1500 MHz
2026/06/17 12:40:05.252, 31.28 W, 78, 34 %, 1500 MHz
2026/06/17 12:40:06.266, 31.43 W, 78, 33 %, 1500 MHz
2026/06/17 12:40:07.276, 31.49 W, 78, 35 %, 1500 MHz
2026/06/17 12:40:08.290, 31.09 W, 78, 33 %, 1500 MHz
2026/06/17 12:40:09.292, 31.80 W, 78, 36 %, 1500 MHz
2026/06/17 12:40:10.308, 33.65 W, 78, 36 %, 1552 MHz
2026/06/17 12:40:11.326, 33.63 W, 78, 35 %, 1500 MHz
2026/06/17 12:40:12.331, 32.05 W, 78, 36 %, 1500 MHz
2026/06/17 12:40:13.346, 26.83 W, 78, 34 %, 1500 MHz
2026/06/17 12:40:14.364, 30.99 W, 78, 33 %, 1500 MHz
2026/06/17 12:40:15.374, 31.19 W, 78, 33 %, 1500 MHz
2026/06/17 12:40:16.390, 32.30 W, 78, 28 %, 1500 MHz
2026/06/17 12:40:17.401, 30.09 W, 78, 34 %, 1500 MHz
2026/06/17 12:40:18.418, 29.53 W, 78, 30 %, 1500 MHz
2026/06/17 12:40:19.431, 29.98 W, 78, 32 %, 1500 MHz
2026/06/17 12:40:20.443, 29.09 W, 78, 29 %, 1500 MHz
2026/06/17 12:40:21.458, 28.52 W, 78, 33 %, 1500 MHz
2026/06/17 12:40:22.477, 30.89 W, 78, 33 %, 1500 MHz
2026/06/17 12:40:23.490, 31.37 W, 78, 36 %, 1500 MHz
2026/06/17 12:40:24.507, 31.48 W, 78, 32 %, 1500 MHz
2026/06/17 12:40:25.520, 32.21 W, 78, 34 %, 1500 MHz
2026/06/17 12:40:26.535, 31.76 W, 78, 34 %, 1500 MHz
2026/06/17 12:40:27.548, 30.36 W, 78, 27 %, 1500 MHz
2026/06/17 12:40:28.563, 31.54 W, 78, 33 %, 1500 MHz
2026/06/17 12:40:29.567, 30.99 W, 78, 33 %, 1500 MHz
2026/06/17 12:40:30.579, 30.26 W, 78, 30 %, 1500 MHz
2026/06/17 12:40:31.594, 29.73 W, 78, 31 %, 1500 MHz
2026/06/17 12:40:32.607, 30.03 W, 78, 32 %, 1500 MHz
2026/06/17 12:40:33.622, 29.54 W, 78, 26 %, 1500 MHz
2026/06/17 12:40:34.637, 30.96 W, 78, 31 %, 1500 MHz
2026/06/17 12:40:35.649, 31.11 W, 78, 35 %, 1500 MHz
2026/06/17 12:40:36.659, 31.18 W, 78, 33 %, 1500 MHz
2026/06/17 12:40:37.671, 30.32 W, 78, 30 %, 1500 MHz
2026/06/17 12:40:38.687, 28.96 W, 78, 28 %, 1500 MHz
2026/06/17 12:40:39.700, 27.97 W, 78, 26 %, 1500 MHz
2026/06/17 12:40:40.711, 28.10 W, 78, 26 %, 1500 MHz
2026/06/17 12:40:41.724, 29.54 W, 78, 30 %, 1500 MHz
2026/06/17 12:40:42.738, 30.90 W, 78, 32 %, 1500 MHz
2026/06/17 12:40:43.755, 31.28 W, 78, 34 %, 1500 MHz
2026/06/17 12:40:44.769, 29.61 W, 78, 30 %, 1500 MHz
2026/06/17 12:40:45.782, 31.05 W, 78, 32 %, 1500 MHz
2026/06/17 12:40:46.797, 32.49 W, 78, 36 %, 1500 MHz
2026/06/17 12:40:47.813, 32.49 W, 78, 40 %, 1500 MHz
2026/06/17 12:40:48.832, 33.26 W, 78, 39 %, 1500 MHz
2026/06/17 12:40:49.844, 32.33 W, 78, 37 %, 1500 MHz
2026/06/17 12:40:50.859, 32.09 W, 78, 36 %, 1500 MHz
2026/06/17 12:40:51.873, 33.21 W, 78, 37 %, 1500 MHz
2026/06/17 12:40:52.889, 32.25 W, 79, 35 %, 1500 MHz
2026/06/17 12:40:53.908, 33.50 W, 78, 38 %, 1500 MHz
2026/06/17 12:40:54.921, 36.86 W, 79, 44 %, 1635 MHz
2026/06/17 12:40:55.931, 34.32 W, 79, 30 %, 1635 MHz
2026/06/17 12:40:56.938, 29.07 W, 78, 32 %, 1500 MHz
2026/06/17 12:40:57.949, 29.97 W, 79, 33 %, 1500 MHz
2026/06/17 12:40:58.958, 31.48 W, 78, 35 %, 1500 MHz
2026/06/17 12:40:59.965, 27.77 W, 78, 27 %, 1500 MHz
2026/06/17 12:41:00.968, 30.06 W, 78, 34 %, 1500 MHz
2026/06/17 12:41:01.987, 30.34 W, 78, 34 %, 1500 MHz
2026/06/17 12:41:02.992, 29.41 W, 78, 31 %, 1500 MHz
2026/06/17 12:41:03.998, 30.35 W, 78, 34 %, 1500 MHz
2026/06/17 12:41:05.012, 29.79 W, 78, 32 %, 1500 MHz
2026/06/17 12:41:06.022, 29.53 W, 78, 31 %, 1500 MHz
2026/06/17 12:41:07.038, 29.65 W, 78, 31 %, 1500 MHz
2026/06/17 12:41:08.053, 28.39 W, 78, 29 %, 1500 MHz
2026/06/17 12:41:09.066, 31.25 W, 79, 34 %, 1500 MHz
2026/06/17 12:41:10.080, 31.29 W, 78, 32 %, 1500 MHz
2026/06/17 12:41:11.098, 30.48 W, 78, 26 %, 1500 MHz
2026/06/17 12:41:12.102, 30.29 W, 79, 32 %, 1500 MHz
2026/06/17 12:41:13.115, 31.41 W, 78, 35 %, 1500 MHz
2026/06/17 12:41:14.123, 29.11 W, 78, 34 %, 1500 MHz
2026/06/17 12:41:15.135, 31.61 W, 79, 33 %, 1500 MHz
2026/06/17 12:41:16.148, 30.75 W, 78, 33 %, 1500 MHz
2026/06/17 12:41:17.160, 31.24 W, 79, 34 %, 1500 MHz
2026/06/17 12:41:18.173, 30.36 W, 78, 32 %, 1500 MHz
2026/06/17 12:41:19.186, 27.45 W, 78, 27 %, 1500 MHz
2026/06/17 12:41:20.201, 30.82 W, 78, 32 %, 1500 MHz
2026/06/17 12:41:21.215, 31.33 W, 79, 35 %, 1500 MHz
2026/06/17 12:41:22.229, 30.28 W, 78, 34 %, 1500 MHz
2026/06/17 12:41:23.244, 31.15 W, 78, 35 %, 1500 MHz
2026/06/17 12:41:24.249, 30.99 W, 79, 33 %, 1500 MHz
2026/06/17 12:41:25.265, 29.05 W, 78, 30 %, 1500 MHz
2026/06/17 12:41:26.282, 29.64 W, 78, 30 %, 1500 MHz
2026/06/17 12:41:27.296, 30.94 W, 78, 31 %, 1500 MHz
2026/06/17 12:41:28.308, 30.19 W, 78, 34 %, 1500 MHz
2026/06/17 12:41:29.323, 32.24 W, 78, 35 %, 1500 MHz
2026/06/17 12:41:30.337, 31.83 W, 78, 34 %, 1500 MHz
2026/06/17 12:41:31.351, 31.27 W, 78, 31 %, 1500 MHz
2026/06/17 12:41:32.362, 31.30 W, 78, 33 %, 1500 MHz
2026/06/17 12:41:33.376, 31.16 W, 78, 34 %, 1500 MHz
2026/06/17 12:41:34.390, 31.58 W, 79, 32 %, 1500 MHz
2026/06/17 12:41:35.403, 31.74 W, 78, 35 %, 1500 MHz
2026/06/17 12:41:36.419, 29.10 W, 79, 34 %, 1500 MHz
2026/06/17 12:41:37.432, 31.61 W, 79, 35 %, 1500 MHz
2026/06/17 12:41:38.445, 32.14 W, 79, 36 %, 1500 MHz
2026/06/17 12:41:39.461, 31.93 W, 79, 36 %, 1500 MHz
2026/06/17 12:41:40.473, 31.08 W, 78, 30 %, 1500 MHz
2026/06/17 12:41:41.490, 31.10 W, 79, 32 %, 1500 MHz
2026/06/17 12:41:42.496, 30.87 W, 78, 32 %, 1500 MHz
2026/06/17 12:41:43.506, 31.00 W, 78, 32 %, 1500 MHz
2026/06/17 12:41:44.514, 31.29 W, 79, 33 %, 1500 MHz
2026/06/17 12:41:45.524, 31.38 W, 79, 36 %, 1500 MHz
2026/06/17 12:41:46.528, 30.20 W, 78, 34 %, 1500 MHz
2026/06/17 12:41:47.541, 31.48 W, 79, 35 %, 1500 MHz
2026/06/17 12:41:48.550, 31.40 W, 79, 35 %, 1500 MHz
2026/06/17 12:41:49.555, 31.62 W, 79, 36 %, 1500 MHz
2026/06/17 12:41:50.569, 32.47 W, 79, 38 %, 1500 MHz
2026/06/17 12:41:51.585, 33.06 W, 79, 39 %, 1500 MHz
2026/06/17 12:41:52.600, 33.23 W, 79, 38 %, 1515 MHz
2026/06/17 12:41:53.616, 33.08 W, 79, 28 %, 1552 MHz
2026/06/17 12:41:54.633, 33.32 W, 79, 36 %, 1552 MHz
2026/06/17 12:41:55.647, 32.27 W, 79, 37 %, 1500 MHz
2026/06/17 12:41:56.665, 31.15 W, 79, 34 %, 1500 MHz
2026/06/17 12:41:57.675, 30.90 W, 79, 33 %, 1500 MHz
2026/06/17 12:41:58.692, 30.00 W, 78, 33 %, 1500 MHz
2026/06/17 12:41:59.706, 30.07 W, 79, 32 %, 1500 MHz
2026/06/17 12:42:00.721, 29.51 W, 79, 29 %, 1500 MHz
2026/06/17 12:42:01.737, 30.85 W, 79, 34 %, 1500 MHz
2026/06/17 12:42:02.750, 30.40 W, 79, 32 %, 1500 MHz
2026/06/17 12:42:03.760, 30.92 W, 79, 25 %, 1500 MHz
2026/06/17 12:42:04.776, 31.01 W, 79, 33 %, 1500 MHz
2026/06/17 12:42:05.793, 31.34 W, 79, 33 %, 1500 MHz
2026/06/17 12:42:06.797, 30.25 W, 79, 31 %, 1500 MHz
2026/06/17 12:42:07.814, 32.04 W, 79, 37 %, 1500 MHz
2026/06/17 12:42:08.824, 32.09 W, 79, 36 %, 1500 MHz
2026/06/17 12:42:09.841, 30.45 W, 79, 32 %, 1500 MHz
2026/06/17 12:42:10.853, 32.65 W, 79, 37 %, 1500 MHz
2026/06/17 12:42:11.870, 31.69 W, 79, 32 %, 1500 MHz
2026/06/17 12:42:12.886, 31.27 W, 79, 32 %, 1500 MHz
2026/06/17 12:42:13.898, 30.81 W, 79, 30 %, 1500 MHz
2026/06/17 12:42:14.912, 30.96 W, 78, 34 %, 1500 MHz
2026/06/17 12:42:15.928, 30.47 W, 79, 32 %, 1500 MHz
2026/06/17 12:42:16.944, 29.49 W, 79, 29 %, 1500 MHz
2026/06/17 12:42:17.955, 29.86 W, 78, 24 %, 1500 MHz
2026/06/17 12:42:18.973, 30.63 W, 79, 31 %, 1500 MHz
2026/06/17 12:42:19.982, 31.97 W, 79, 34 %, 1500 MHz
2026/06/17 12:42:20.999, 31.22 W, 79, 33 %, 1500 MHz
2026/06/17 12:42:22.011, 30.63 W, 79, 32 %, 1500 MHz
2026/06/17 12:42:23.030, 30.43 W, 79, 30 %, 1500 MHz
2026/06/17 12:42:24.044, 32.05 W, 79, 35 %, 1500 MHz
2026/06/17 12:42:25.063, 32.02 W, 79, 38 %, 1500 MHz
2026/06/17 12:42:26.076, 32.84 W, 79, 40 %, 1500 MHz
2026/06/17 12:42:27.091, 32.68 W, 79, 31 %, 1500 MHz
2026/06/17 12:42:28.103, 29.08 W, 79, 30 %, 1500 MHz
2026/06/17 12:42:29.118, 31.33 W, 79, 34 %, 1500 MHz
2026/06/17 12:42:30.134, 31.37 W, 79, 27 %, 1500 MHz
2026/06/17 12:42:31.151, 31.91 W, 79, 34 %, 1500 MHz
2026/06/17 12:42:32.166, 31.54 W, 79, 33 %, 1500 MHz
2026/06/17 12:42:33.168, 31.92 W, 79, 29 %, 1500 MHz
2026/06/17 12:42:34.182, 33.81 W, 79, 40 %, 1500 MHz
2026/06/17 12:42:35.198, 32.78 W, 79, 37 %, 1500 MHz
2026/06/17 12:42:36.212, 30.56 W, 79, 26 %, 1500 MHz
2026/06/17 12:42:37.223, 32.81 W, 79, 37 %, 1500 MHz
2026/06/17 12:42:38.238, 32.48 W, 79, 35 %, 1500 MHz
2026/06/17 12:42:39.242, 32.16 W, 79, 28 %, 1500 MHz
2026/06/17 12:42:40.247, 33.50 W, 79, 38 %, 1500 MHz
2026/06/17 12:42:41.253, 33.71 W, 79, 40 %, 1500 MHz
2026/06/17 12:42:42.263, 28.97 W, 79, 31 %, 1552 MHz
2026/06/17 12:42:43.268, 34.29 W, 79, 33 %, 1552 MHz
2026/06/17 12:42:44.284, 31.20 W, 79, 34 %, 1500 MHz
2026/06/17 12:42:45.298, 31.39 W, 79, 33 %, 1500 MHz
2026/06/17 12:42:46.300, 32.23 W, 79, 36 %, 1500 MHz
2026/06/17 12:42:47.304, 31.58 W, 79, 32 %, 1500 MHz
2026/06/17 12:42:48.319, 32.22 W, 79, 36 %, 1500 MHz
2026/06/17 12:42:49.325, 32.02 W, 79, 34 %, 1500 MHz
2026/06/17 12:42:50.343, 31.28 W, 79, 32 %, 1500 MHz
2026/06/17 12:42:51.357, 30.77 W, 79, 32 %, 1500 MHz
2026/06/17 12:42:52.373, 32.45 W, 79, 35 %, 1500 MHz
2026/06/17 12:42:53.388, 32.46 W, 80, 38 %, 1500 MHz
2026/06/17 12:42:54.402, 38.29 W, 80, 40 %, 1680 MHz
2026/06/17 12:42:55.414, 40.26 W, 80, 38 %, 1687 MHz
2026/06/17 12:42:56.423, 39.16 W, 81, 39 %, 1687 MHz
2026/06/17 12:42:57.433, 36.33 W, 80, 38 %, 1567 MHz
2026/06/17 12:42:58.449, 35.71 W, 80, 38 %, 1545 MHz
2026/06/17 12:42:59.462, 37.76 W, 80, 33 %, 1620 MHz
2026/06/17 12:43:00.475, 36.72 W, 80, 35 %, 1620 MHz
2026/06/17 12:43:01.483, 32.94 W, 80, 24 %, 1500 MHz
2026/06/17 12:43:02.493, 30.99 W, 80, 33 %, 1500 MHz
2026/06/17 12:43:03.508, 31.32 W, 80, 33 %, 1500 MHz
2026/06/17 12:43:04.520, 32.93 W, 79, 35 %, 1500 MHz
2026/06/17 12:43:05.530, 31.81 W, 80, 34 %, 1500 MHz
2026/06/17 12:43:06.539, 31.55 W, 80, 34 %, 1500 MHz
2026/06/17 12:43:07.553, 31.37 W, 79, 33 %, 1500 MHz
2026/06/17 12:43:08.569, 31.00 W, 80, 33 %, 1500 MHz
2026/06/17 12:43:09.574, 30.62 W, 80, 26 %, 1500 MHz
2026/06/17 12:43:10.588, 31.64 W, 79, 35 %, 1500 MHz
2026/06/17 12:43:11.604, 32.04 W, 79, 35 %, 1500 MHz
2026/06/17 12:43:12.619, 32.42 W, 79, 36 %, 1500 MHz
2026/06/17 12:43:13.635, 32.30 W, 80, 36 %, 1500 MHz
2026/06/17 12:43:14.639, 31.89 W, 79, 35 %, 1500 MHz
2026/06/17 12:43:15.656, 31.64 W, 79, 35 %, 1500 MHz
2026/06/17 12:43:16.669, 31.66 W, 79, 34 %, 1500 MHz
2026/06/17 12:43:17.682, 30.84 W, 79, 28 %, 1500 MHz
2026/06/17 12:43:18.691, 30.95 W, 79, 34 %, 1500 MHz
2026/06/17 12:43:19.701, 31.08 W, 80, 31 %, 1500 MHz
2026/06/17 12:43:20.715, 30.85 W, 79, 32 %, 1500 MHz
2026/06/17 12:43:21.734, 33.71 W, 80, 36 %, 1500 MHz
2026/06/17 12:43:22.750, 36.50 W, 80, 40 %, 1567 MHz
2026/06/17 12:43:23.755, 36.63 W, 80, 37 %, 1567 MHz
2026/06/17 12:43:24.761, 33.89 W, 80, 35 %, 1590 MHz
2026/06/17 12:43:25.779, 52.16 W, 80, 33 %, 1590 MHz
2026/06/17 12:43:26.794, 31.64 W, 80, 35 %, 1500 MHz
2026/06/17 12:43:27.807, 30.97 W, 80, 31 %, 1500 MHz
2026/06/17 12:43:28.819, 31.35 W, 79, 33 %, 1500 MHz
2026/06/17 12:43:29.832, 32.76 W, 80, 38 %, 1500 MHz
2026/06/17 12:43:30.842, 31.56 W, 79, 36 %, 1500 MHz
2026/06/17 12:43:31.853, 31.80 W, 79, 33 %, 1500 MHz
2026/06/17 12:43:32.864, 30.63 W, 79, 32 %, 1500 MHz
2026/06/17 12:43:33.880, 31.88 W, 80, 34 %, 1500 MHz
2026/06/17 12:43:34.899, 30.40 W, 79, 25 %, 1500 MHz
2026/06/17 12:43:35.914, 31.90 W, 80, 32 %, 1500 MHz
2026/06/17 12:43:36.927, 32.26 W, 79, 33 %, 1500 MHz
2026/06/17 12:43:37.939, 31.28 W, 79, 33 %, 1500 MHz
2026/06/17 12:43:38.943, 32.26 W, 79, 34 %, 1500 MHz
2026/06/17 12:43:39.958, 32.12 W, 79, 36 %, 1500 MHz
2026/06/17 12:43:40.968, 32.31 W, 80, 35 %, 1500 MHz
2026/06/17 12:43:41.982, 32.87 W, 80, 37 %, 1500 MHz
2026/06/17 12:43:42.996, 29.80 W, 79, 25 %, 1500 MHz
2026/06/17 12:43:44.009, 32.55 W, 80, 36 %, 1500 MHz
2026/06/17 12:43:45.020, 32.99 W, 80, 34 %, 1500 MHz
2026/06/17 12:43:46.038, 32.63 W, 80, 37 %, 1500 MHz
2026/06/17 12:43:47.046, 33.10 W, 80, 35 %, 1500 MHz
2026/06/17 12:43:48.064, 33.08 W, 80, 34 %, 1500 MHz
2026/06/17 12:43:49.077, 33.10 W, 80, 36 %, 1500 MHz
2026/06/17 12:43:50.091, 32.95 W, 79, 37 %, 1500 MHz
2026/06/17 12:43:51.105, 32.83 W, 80, 34 %, 1500 MHz
2026/06/17 12:43:52.120, 30.77 W, 80, 34 %, 1500 MHz
2026/06/17 12:43:53.134, 31.24 W, 80, 34 %, 1500 MHz
2026/06/17 12:43:54.147, 31.48 W, 80, 32 %, 1500 MHz
2026/06/17 12:43:55.164, 30.88 W, 80, 24 %, 1500 MHz
2026/06/17 12:43:56.180, 33.03 W, 80, 38 %, 1500 MHz
2026/06/17 12:43:57.194, 31.23 W, 80, 37 %, 1500 MHz
2026/06/17 12:43:58.210, 34.03 W, 80, 37 %, 1500 MHz
2026/06/17 12:43:59.222, 33.73 W, 80, 38 %, 1500 MHz
2026/06/17 12:44:00.236, 33.23 W, 80, 37 %, 1500 MHz
2026/06/17 12:44:01.249, 34.88 W, 80, 41 %, 1560 MHz
2026/06/17 12:44:02.265, 37.02 W, 80, 40 %, 1560 MHz
2026/06/17 12:44:03.282, 35.94 W, 80, 40 %, 1552 MHz
2026/06/17 12:44:04.294, 36.05 W, 81, 39 %, 1552 MHz
2026/06/17 12:44:05.310, 34.75 W, 80, 40 %, 1515 MHz
2026/06/17 12:44:06.325, 33.01 W, 80, 37 %, 1500 MHz
2026/06/17 12:44:07.337, 29.49 W, 80, 34 %, 1500 MHz
2026/06/17 12:44:08.348, 31.16 W, 80, 33 %, 1500 MHz
2026/06/17 12:44:09.359, 32.22 W, 80, 36 %, 1500 MHz
2026/06/17 12:44:10.377, 31.22 W, 79, 30 %, 1500 MHz
2026/06/17 12:44:11.391, 32.28 W, 80, 34 %, 1500 MHz
2026/06/17 12:44:12.405, 32.12 W, 80, 33 %, 1500 MHz
2026/06/17 12:44:13.415, 31.55 W, 79, 24 %, 1500 MHz
2026/06/17 12:44:14.419, 32.50 W, 80, 34 %, 1500 MHz
2026/06/17 12:44:15.434, 32.70 W, 80, 35 %, 1500 MHz
2026/06/17 12:44:16.439, 33.20 W, 80, 37 %, 1500 MHz
2026/06/17 12:44:17.447, 31.50 W, 80, 34 %, 1500 MHz
2026/06/17 12:44:18.459, 31.88 W, 80, 33 %, 1500 MHz
2026/06/17 12:44:19.472, 32.46 W, 80, 33 %, 1500 MHz
2026/06/17 12:44:20.474, 31.78 W, 80, 32 %, 1500 MHz
2026/06/17 12:44:21.487, 28.79 W, 80, 27 %, 1500 MHz
2026/06/17 12:44:22.492, 31.29 W, 79, 31 %, 1500 MHz
2026/06/17 12:44:23.495, 32.36 W, 80, 31 %, 1500 MHz
2026/06/17 12:44:24.511, 30.35 W, 80, 23 %, 1500 MHz
2026/06/17 12:44:25.513, 31.94 W, 79, 33 %, 1500 MHz
2026/06/17 12:44:26.526, 32.95 W, 80, 37 %, 1500 MHz
2026/06/17 12:44:27.544, 30.86 W, 80, 26 %, 1500 MHz
2026/06/17 12:44:28.557, 32.82 W, 80, 36 %, 1500 MHz
2026/06/17 12:44:29.561, 32.90 W, 80, 36 %, 1500 MHz
2026/06/17 12:44:30.574, 31.60 W, 80, 29 %, 1500 MHz
2026/06/17 12:44:31.589, 32.39 W, 80, 34 %, 1500 MHz
2026/06/17 12:44:32.604, 32.71 W, 80, 36 %, 1500 MHz
2026/06/17 12:44:33.622, 32.17 W, 80, 26 %, 1500 MHz
2026/06/17 12:44:34.633, 33.23 W, 80, 37 %, 1500 MHz
2026/06/17 12:44:35.644, 32.61 W, 80, 36 %, 1500 MHz
2026/06/17 12:44:36.661, 29.60 W, 79, 25 %, 1500 MHz
2026/06/17 12:44:37.674, 31.47 W, 80, 32 %, 1500 MHz
2026/06/17 12:44:38.691, 31.79 W, 80, 32 %, 1500 MHz
2026/06/17 12:44:39.703, 30.02 W, 80, 29 %, 1500 MHz
2026/06/17 12:44:40.720, 32.30 W, 80, 38 %, 1500 MHz
2026/06/17 12:44:41.734, 32.83 W, 80, 40 %, 1500 MHz
2026/06/17 12:44:42.746, 33.00 W, 80, 33 %, 1500 MHz
2026/06/17 12:44:43.763, 33.57 W, 80, 40 %, 1500 MHz
2026/06/17 12:44:44.778, 33.40 W, 80, 37 %, 1500 MHz
2026/06/17 12:44:45.795, 32.35 W, 80, 35 %, 1500 MHz
2026/06/17 12:44:46.810, 33.63 W, 80, 39 %, 1500 MHz
2026/06/17 12:44:47.828, 33.40 W, 80, 40 %, 1500 MHz
2026/06/17 12:44:48.838, 31.89 W, 80, 38 %, 1500 MHz
2026/06/17 12:44:49.855, 34.51 W, 80, 37 %, 1530 MHz
2026/06/17 12:44:50.873, 34.63 W, 80, 38 %, 1530 MHz
2026/06/17 12:44:51.885, 32.72 W, 80, 35 %, 1500 MHz
2026/06/17 12:44:52.895, 31.67 W, 80, 35 %, 1500 MHz
2026/06/17 12:44:53.911, 32.52 W, 80, 33 %, 1500 MHz
2026/06/17 12:44:54.924, 31.85 W, 80, 33 %, 1500 MHz
2026/06/17 12:44:55.939, 32.08 W, 80, 34 %, 1500 MHz
2026/06/17 12:44:56.954, 32.48 W, 80, 35 %, 1500 MHz
2026/06/17 12:44:57.969, 31.10 W, 80, 35 %, 1500 MHz
2026/06/17 12:44:58.985, 32.90 W, 80, 36 %, 1500 MHz
2026/06/17 12:44:59.998, 33.44 W, 80, 37 %, 1500 MHz
2026/06/17 12:45:01.013, 33.65 W, 80, 38 %, 1500 MHz
2026/06/17 12:45:02.018, 33.72 W, 80, 38 %, 1500 MHz
2026/06/17 12:45:03.032, 33.75 W, 80, 40 %, 1500 MHz
2026/06/17 12:45:04.046, 32.97 W, 80, 30 %, 1545 MHz
2026/06/17 12:45:05.058, 34.92 W, 80, 37 %, 1545 MHz
2026/06/17 12:45:06.074, 33.05 W, 80, 37 %, 1500 MHz
2026/06/17 12:45:07.089, 31.39 W, 80, 27 %, 1500 MHz
2026/06/17 12:45:08.102, 31.71 W, 80, 33 %, 1500 MHz
2026/06/17 12:45:09.115, 31.36 W, 80, 31 %, 1500 MHz
2026/06/17 12:45:10.131, 26.98 W, 79, 27 %, 1500 MHz
2026/06/17 12:45:11.148, 30.68 W, 80, 31 %, 1500 MHz
2026/06/17 12:45:12.152, 30.81 W, 80, 31 %, 1500 MHz
2026/06/17 12:45:13.167, 34.90 W, 80, 40 %, 1507 MHz
2026/06/17 12:45:14.182, 32.45 W, 80, 35 %, 1507 MHz
2026/06/17 12:45:15.192, 32.79 W, 80, 38 %, 1500 MHz
2026/06/17 12:45:16.207, 33.12 W, 80, 35 %, 1500 MHz
2026/06/17 12:45:17.209, 31.22 W, 79, 36 %, 1500 MHz
2026/06/17 12:45:18.221, 32.99 W, 80, 36 %, 1500 MHz
2026/06/17 12:45:19.237, 32.78 W, 80, 35 %, 1500 MHz
2026/06/17 12:45:20.254, 31.60 W, 79, 32 %, 1500 MHz
2026/06/17 12:45:21.270, 32.63 W, 80, 35 %, 1500 MHz
2026/06/17 12:45:22.285, 32.90 W, 80, 35 %, 1500 MHz
2026/06/17 12:45:23.300, 29.50 W, 80, 26 %, 1500 MHz
2026/06/17 12:45:24.302, 31.97 W, 80, 33 %, 1500 MHz
2026/06/17 12:45:25.311, 31.90 W, 80, 32 %, 1500 MHz
2026/06/17 12:45:26.327, 30.66 W, 80, 22 %, 1500 MHz
2026/06/17 12:45:27.338, 31.93 W, 80, 33 %, 1500 MHz
2026/06/17 12:45:28.356, 31.96 W, 80, 33 %, 1500 MHz
2026/06/17 12:45:29.360, 32.83 W, 80, 33 %, 1500 MHz
2026/06/17 12:45:30.374, 32.62 W, 80, 35 %, 1500 MHz
2026/06/17 12:45:31.388, 33.09 W, 80, 37 %, 1500 MHz
2026/06/17 12:45:32.401, 32.50 W, 80, 34 %, 1500 MHz
2026/06/17 12:45:33.413, 33.28 W, 80, 34 %, 1507 MHz
2026/06/17 12:45:34.429, 33.39 W, 80, 36 %, 1500 MHz
2026/06/17 12:45:35.442, 32.16 W, 80, 37 %, 1500 MHz
2026/06/17 12:45:36.457, 33.07 W, 80, 36 %, 1500 MHz
2026/06/17 12:45:37.471, 32.06 W, 80, 36 %, 1500 MHz
2026/06/17 12:45:38.475, 32.65 W, 80, 36 %, 1500 MHz
2026/06/17 12:45:39.490, 32.90 W, 80, 37 %, 1500 MHz
2026/06/17 12:45:40.508, 32.52 W, 80, 33 %, 1500 MHz
2026/06/17 12:45:41.525, 31.75 W, 80, 33 %, 1500 MHz
2026/06/17 12:45:42.539, 32.25 W, 80, 34 %, 1500 MHz
2026/06/17 12:45:43.556, 32.30 W, 80, 34 %, 1500 MHz
2026/06/17 12:45:44.568, 33.65 W, 80, 35 %, 1500 MHz
2026/06/17 12:45:45.580, 33.00 W, 80, 40 %, 1500 MHz
2026/06/17 12:45:46.592, 33.40 W, 80, 37 %, 1500 MHz
2026/06/17 12:45:47.607, 35.46 W, 80, 36 %, 1500 MHz
2026/06/17 12:45:48.622, 34.11 W, 80, 37 %, 1500 MHz
2026/06/17 12:45:49.636, 33.93 W, 80, 36 %, 1507 MHz
2026/06/17 12:45:50.650, 31.68 W, 80, 35 %, 1507 MHz
2026/06/17 12:45:51.662, 33.73 W, 80, 36 %, 1500 MHz
2026/06/17 12:45:52.678, 33.78 W, 80, 36 %, 1515 MHz
2026/06/17 12:45:53.697, 33.93 W, 80, 35 %, 1515 MHz
2026/06/17 12:45:54.714, 34.29 W, 80, 36 %, 1500 MHz
2026/06/17 12:45:55.731, 33.29 W, 80, 37 %, 1500 MHz
2026/06/17 12:45:56.747, 31.25 W, 80, 32 %, 1500 MHz
2026/06/17 12:45:57.761, 31.81 W, 80, 34 %, 1500 MHz
2026/06/17 12:45:58.774, 31.27 W, 80, 32 %, 1500 MHz
2026/06/17 12:45:59.796, 31.50 W, 80, 34 %, 1500 MHz
2026/06/17 12:46:00.808, 32.56 W, 80, 36 %, 1500 MHz
2026/06/17 12:46:01.828, 31.41 W, 80, 34 %, 1500 MHz
2026/06/17 12:46:02.838, 33.24 W, 80, 36 %, 1500 MHz
2026/06/17 12:46:03.849, 33.51 W, 80, 37 %, 1500 MHz
2026/06/17 12:46:04.863, 28.66 W, 80, 33 %, 1500 MHz
2026/06/17 12:46:05.877, 33.88 W, 80, 38 %, 1500 MHz
2026/06/17 12:46:06.891, 34.51 W, 81, 38 %, 1530 MHz
2026/06/17 12:46:07.903, 30.73 W, 80, 32 %, 1500 MHz
2026/06/17 12:46:08.920, 33.82 W, 81, 40 %, 1500 MHz
2026/06/17 12:46:09.934, 33.15 W, 80, 38 %, 1500 MHz
2026/06/17 12:46:10.950, 34.19 W, 80, 37 %, 1500 MHz
2026/06/17 12:46:11.954, 34.52 W, 81, 39 %, 1530 MHz
2026/06/17 12:46:12.970, 34.27 W, 80, 36 %, 1530 MHz
2026/06/17 12:46:13.986, 32.91 W, 80, 35 %, 1500 MHz
2026/06/17 12:46:14.999, 32.80 W, 80, 35 %, 1500 MHz
2026/06/17 12:46:16.014, 31.97 W, 80, 33 %, 1500 MHz
2026/06/17 12:46:17.019, 31.83 W, 80, 30 %, 1500 MHz
2026/06/17 12:46:18.026, 33.49 W, 80, 37 %, 1500 MHz
2026/06/17 12:46:19.040, 32.99 W, 80, 36 %, 1500 MHz
2026/06/17 12:46:20.044, 33.60 W, 81, 36 %, 1552 MHz
2026/06/17 12:46:21.056, 36.01 W, 81, 40 %, 1567 MHz
2026/06/17 12:46:22.070, 31.95 W, 80, 25 %, 1567 MHz
2026/06/17 12:46:23.082, 34.41 W, 81, 33 %, 1500 MHz
2026/06/17 12:46:24.095, 32.98 W, 80, 37 %, 1500 MHz
2026/06/17 12:46:25.105, 32.15 W, 80, 26 %, 1500 MHz
2026/06/17 12:46:26.114, 33.43 W, 80, 39 %, 1500 MHz
2026/06/17 12:46:27.124, 33.36 W, 80, 39 %, 1500 MHz
2026/06/17 12:46:28.137, 30.44 W, 80, 29 %, 1500 MHz
2026/06/17 12:46:29.152, 31.74 W, 80, 33 %, 1500 MHz
2026/06/17 12:46:30.168, 31.27 W, 80, 33 %, 1500 MHz
2026/06/17 12:46:31.182, 31.43 W, 80, 33 %, 1500 MHz
2026/06/17 12:46:32.198, 32.71 W, 80, 34 %, 1500 MHz
2026/06/17 12:46:33.214, 33.51 W, 80, 37 %, 1507 MHz
2026/06/17 12:46:34.227, 32.52 W, 80, 40 %, 1507 MHz
2026/06/17 12:46:35.242, 32.87 W, 80, 39 %, 1507 MHz
2026/06/17 12:46:36.257, 33.72 W, 80, 37 %, 1500 MHz
2026/06/17 12:46:37.272, 32.83 W, 80, 35 %, 1500 MHz
2026/06/17 12:46:38.288, 32.44 W, 80, 36 %, 1500 MHz
2026/06/17 12:46:39.301, 30.74 W, 80, 35 %, 1500 MHz
2026/06/17 12:46:40.316, 34.49 W, 81, 35 %, 1567 MHz
2026/06/17 12:46:41.333, 35.46 W, 81, 39 %, 1567 MHz
2026/06/17 12:46:42.350, 35.15 W, 81, 41 %, 1575 MHz
2026/06/17 12:46:43.365, 34.31 W, 81, 39 %, 1575 MHz
2026/06/17 12:46:44.378, 30.59 W, 80, 34 %, 1500 MHz
2026/06/17 12:46:45.391, 32.19 W, 80, 34 %, 1500 MHz
2026/06/17 12:46:46.404, 32.95 W, 80, 37 %, 1500 MHz
2026/06/17 12:46:47.419, 32.87 W, 81, 37 %, 1500 MHz
2026/06/17 12:46:48.435, 30.22 W, 80, 33 %, 1500 MHz
2026/06/17 12:46:49.446, 32.22 W, 80, 38 %, 1500 MHz
2026/06/17 12:46:50.461, 34.73 W, 81, 35 %, 1537 MHz
2026/06/17 12:46:51.465, 33.07 W, 80, 24 %, 1537 MHz
2026/06/17 12:46:52.481, 32.81 W, 80, 33 %, 1500 MHz
2026/06/17 12:46:53.498, 33.57 W, 81, 37 %, 1500 MHz
2026/06/17 12:46:54.510, 32.68 W, 80, 32 %, 1500 MHz
2026/06/17 12:46:55.522, 35.09 W, 80, 36 %, 1500 MHz
2026/06/17 12:46:56.534, 33.26 W, 80, 37 %, 1500 MHz
2026/06/17 12:46:57.551, 32.89 W, 80, 29 %, 1507 MHz
2026/06/17 12:46:58.560, 34.34 W, 80, 37 %, 1507 MHz
2026/06/17 12:46:59.574, 33.57 W, 81, 36 %, 1500 MHz
2026/06/17 12:47:00.591, 31.44 W, 80, 25 %, 1500 MHz
2026/06/17 12:47:01.601, 31.79 W, 80, 35 %, 1500 MHz
2026/06/17 12:47:02.616, 32.02 W, 80, 33 %, 1500 MHz
2026/06/17 12:47:03.632, 29.92 W, 80, 29 %, 1500 MHz
2026/06/17 12:47:04.637, 32.25 W, 80, 33 %, 1500 MHz
2026/06/17 12:47:05.648, 34.73 W, 81, 37 %, 1545 MHz
2026/06/17 12:47:06.659, 32.78 W, 80, 29 %, 1500 MHz
2026/06/17 12:47:07.670, 33.08 W, 80, 36 %, 1500 MHz
2026/06/17 12:47:08.682, 33.50 W, 81, 35 %, 1500 MHz
2026/06/17 12:47:09.689, 33.23 W, 80, 38 %, 1500 MHz
2026/06/17 12:47:10.705, 34.15 W, 81, 39 %, 1515 MHz
2026/06/17 12:47:11.721, 34.24 W, 81, 35 %, 1522 MHz
2026/06/17 12:47:12.731, 32.52 W, 81, 36 %, 1522 MHz
2026/06/17 12:47:13.747, 35.25 W, 81, 39 %, 1500 MHz
2026/06/17 12:47:14.761, 33.62 W, 80, 36 %, 1500 MHz
2026/06/17 12:47:15.776, 31.92 W, 80, 38 %, 1500 MHz
2026/06/17 12:47:16.793, 32.41 W, 81, 35 %, 1500 MHz
2026/06/17 12:47:17.810, 32.51 W, 80, 36 %, 1500 MHz
2026/06/17 12:47:18.819, 30.85 W, 80, 31 %, 1500 MHz
2026/06/17 12:47:19.823, 32.55 W, 81, 34 %, 1500 MHz
2026/06/17 12:47:20.836, 34.16 W, 80, 39 %, 1500 MHz
2026/06/17 12:47:21.852, 35.13 W, 81, 37 %, 1500 MHz
2026/06/17 12:47:22.856, 35.45 W, 81, 37 %, 1500 MHz
2026/06/17 12:47:23.870, 34.06 W, 81, 40 %, 1522 MHz
2026/06/17 12:47:24.887, 34.19 W, 81, 36 %, 1522 MHz
2026/06/17 12:47:25.905, 34.00 W, 80, 37 %, 1500 MHz
2026/06/17 12:47:26.915, 33.40 W, 81, 36 %, 1500 MHz
2026/06/17 12:47:27.928, 32.44 W, 81, 38 %, 1500 MHz
2026/06/17 12:47:28.946, 33.20 W, 80, 40 %, 1500 MHz
2026/06/17 12:47:29.958, 33.64 W, 81, 39 %, 1500 MHz
2026/06/17 12:47:30.974, 33.25 W, 80, 37 %, 1500 MHz
2026/06/17 12:47:31.985, 32.53 W, 81, 34 %, 1500 MHz
2026/06/17 12:47:32.996, 32.71 W, 81, 34 %, 1500 MHz
2026/06/17 12:47:34.008, 32.30 W, 80, 35 %, 1500 MHz
2026/06/17 12:47:35.017, 32.66 W, 80, 35 %, 1500 MHz
2026/06/17 12:47:36.032, 32.51 W, 81, 34 %, 1500 MHz
2026/06/17 12:47:37.046, 31.86 W, 81, 39 %, 1500 MHz
2026/06/17 12:47:38.059, 34.62 W, 81, 40 %, 1515 MHz
2026/06/17 12:47:39.072, 33.44 W, 80, 35 %, 1515 MHz
2026/06/17 12:47:40.088, 32.01 W, 80, 36 %, 1500 MHz
2026/06/17 12:47:41.103, 34.13 W, 81, 41 %, 1522 MHz
2026/06/17 12:47:42.108, 34.03 W, 80, 37 %, 1522 MHz
2026/06/17 12:47:43.120, 32.10 W, 80, 34 %, 1500 MHz
2026/06/17 12:47:44.122, 33.10 W, 81, 35 %, 1500 MHz
2026/06/17 12:47:45.133, 30.05 W, 80, 26 %, 1500 MHz
2026/06/17 12:47:46.146, 31.27 W, 80, 32 %, 1500 MHz
2026/06/17 12:47:47.157, 31.50 W, 80, 33 %, 1500 MHz
2026/06/17 12:47:48.168, 30.30 W, 80, 30 %, 1500 MHz
2026/06/17 12:47:49.181, 34.48 W, 80, 32 %, 1500 MHz
2026/06/17 12:47:50.194, 30.52 W, 80, 31 %, 1500 MHz
2026/06/17 12:47:51.208, 30.96 W, 80, 34 %, 1500 MHz
2026/06/17 12:47:52.226, 31.18 W, 80, 33 %, 1500 MHz
2026/06/17 12:47:53.240, 33.66 W, 81, 40 %, 1500 MHz
2026/06/17 12:47:54.255, 33.84 W, 81, 39 %, 1515 MHz
2026/06/17 12:47:55.271, 33.94 W, 81, 39 %, 1515 MHz
2026/06/17 12:47:56.286, 32.67 W, 80, 38 %, 1500 MHz
2026/06/17 12:47:57.301, 32.60 W, 80, 38 %, 1500 MHz
2026/06/17 12:47:58.313, 32.79 W, 80, 38 %, 1500 MHz
2026/06/17 12:47:59.326, 32.04 W, 81, 38 %, 1500 MHz
2026/06/17 12:48:00.341, 32.11 W, 80, 35 %, 1500 MHz
2026/06/17 12:48:01.351, 32.10 W, 80, 35 %, 1500 MHz
2026/06/17 12:48:02.360, 32.89 W, 80, 37 %, 1500 MHz
2026/06/17 12:48:03.377, 31.67 W, 80, 36 %, 1500 MHz
2026/06/17 12:48:04.393, 30.44 W, 80, 31 %, 1500 MHz
2026/06/17 12:48:05.406, 28.48 W, 80, 32 %, 1500 MHz
2026/06/17 12:48:06.420, 31.35 W, 80, 34 %, 1500 MHz
2026/06/17 12:48:07.428, 31.76 W, 80, 35 %, 1500 MHz
2026/06/17 12:48:08.444, 31.56 W, 80, 33 %, 1500 MHz
2026/06/17 12:48:09.460, 31.35 W, 80, 37 %, 1500 MHz
2026/06/17 12:48:10.473, 31.69 W, 80, 33 %, 1500 MHz
2026/06/17 12:48:11.486, 32.73 W, 80, 35 %, 1500 MHz
2026/06/17 12:48:12.503, 32.28 W, 81, 35 %, 1500 MHz
2026/06/17 12:48:13.520, 32.40 W, 80, 33 %, 1500 MHz
2026/06/17 12:48:14.526, 32.67 W, 80, 35 %, 1500 MHz
2026/06/17 12:48:15.538, 33.74 W, 81, 36 %, 1500 MHz
2026/06/17 12:48:16.554, 33.31 W, 81, 34 %, 1500 MHz
2026/06/17 12:48:17.569, 33.62 W, 80, 36 %, 1500 MHz
2026/06/17 12:48:18.583, 32.84 W, 81, 37 %, 1500 MHz
2026/06/17 12:48:19.599, 33.46 W, 81, 36 %, 1545 MHz
2026/06/17 12:48:20.614, 34.49 W, 81, 33 %, 1545 MHz
2026/06/17 12:48:21.632, 33.12 W, 81, 36 %, 1500 MHz
2026/06/17 12:48:22.646, 32.41 W, 80, 35 %, 1500 MHz
2026/06/17 12:48:23.659, 32.65 W, 81, 38 %, 1500 MHz
2026/06/17 12:48:24.665, 31.34 W, 80, 34 %, 1500 MHz
2026/06/17 12:48:25.681, 33.07 W, 81, 38 %, 1500 MHz
2026/06/17 12:48:26.692, 35.10 W, 81, 39 %, 1515 MHz
2026/06/17 12:48:27.704, 35.30 W, 81, 31 %, 1635 MHz
2026/06/17 12:48:28.722, 36.58 W, 82, 39 %, 1635 MHz
2026/06/17 12:48:29.726, 40.14 W, 82, 39 %, 1657 MHz
2026/06/17 12:48:30.742, 38.18 W, 81, 29 %, 1575 MHz
2026/06/17 12:48:31.755, 36.74 W, 81, 40 %, 1590 MHz
2026/06/17 12:48:32.772, 38.16 W, 82, 40 %, 1605 MHz
2026/06/17 12:48:33.787, 37.68 W, 82, 39 %, 1605 MHz
2026/06/17 12:48:34.801, 36.72 W, 82, 39 %, 1605 MHz
2026/06/17 12:48:35.813, 33.85 W, 81, 38 %, 1500 MHz
2026/06/17 12:48:36.829, 32.51 W, 81, 37 %, 1500 MHz
2026/06/17 12:48:37.844, 32.21 W, 81, 37 %, 1500 MHz
2026/06/17 12:48:38.849, 30.52 W, 81, 29 %, 1500 MHz
2026/06/17 12:48:39.863, 32.33 W, 81, 37 %, 1500 MHz
2026/06/17 12:48:40.880, 32.34 W, 81, 40 %, 1500 MHz
2026/06/17 12:48:41.897, 32.02 W, 81, 29 %, 1500 MHz
2026/06/17 12:48:42.909, 33.51 W, 81, 38 %, 1500 MHz
2026/06/17 12:48:43.923, 33.93 W, 81, 39 %, 1515 MHz
2026/06/17 12:48:44.937, 32.47 W, 81, 33 %, 1515 MHz
2026/06/17 12:48:45.950, 33.11 W, 81, 40 %, 1500 MHz
2026/06/17 12:48:46.963, 33.38 W, 81, 40 %, 1500 MHz
2026/06/17 12:48:47.979, 32.87 W, 81, 38 %, 1500 MHz
2026/06/17 12:48:48.989, 33.22 W, 81, 39 %, 1500 MHz
2026/06/17 12:48:50.005, 33.41 W, 81, 40 %, 1507 MHz
2026/06/17 12:48:51.019, 33.52 W, 81, 37 %, 1507 MHz
2026/06/17 12:48:52.032, 33.26 W, 81, 38 %, 1500 MHz
2026/06/17 12:48:53.048, 32.56 W, 81, 37 %, 1500 MHz
2026/06/17 12:48:54.061, 32.35 W, 81, 36 %, 1500 MHz
2026/06/17 12:48:55.077, 32.51 W, 81, 36 %, 1500 MHz
2026/06/17 12:48:56.090, 30.59 W, 80, 34 %, 1500 MHz
2026/06/17 12:48:57.102, 32.97 W, 81, 37 %, 1545 MHz
2026/06/17 12:48:58.115, 35.01 W, 81, 37 %, 1545 MHz
2026/06/17 12:48:59.126, 30.20 W, 81, 35 %, 1500 MHz
2026/06/17 12:49:00.138, 34.99 W, 81, 38 %, 1590 MHz
2026/06/17 12:49:01.152, 35.47 W, 81, 37 %, 1590 MHz
2026/06/17 12:49:02.165, 34.34 W, 81, 32 %, 1575 MHz
2026/06/17 12:49:03.171, 35.41 W, 81, 37 %, 1575 MHz
2026/06/17 12:49:04.177, 34.67 W, 81, 40 %, 1537 MHz
2026/06/17 12:49:05.192, 33.53 W, 81, 29 %, 1537 MHz
2026/06/17 12:49:06.195, 34.03 W, 81, 39 %, 1507 MHz
2026/06/17 12:49:07.209, 33.45 W, 81, 39 %, 1507 MHz
2026/06/17 12:49:08.222, 32.68 W, 81, 28 %, 1507 MHz
2026/06/17 12:49:09.235, 32.89 W, 81, 37 %, 1500 MHz
2026/06/17 12:49:10.248, 32.53 W, 81, 36 %, 1500 MHz
2026/06/17 12:49:11.263, 32.32 W, 81, 33 %, 1500 MHz
2026/06/17 12:49:12.279, 32.76 W, 81, 36 %, 1500 MHz
2026/06/17 12:49:13.282, 33.13 W, 81, 37 %, 1530 MHz
2026/06/17 12:49:14.299, 34.29 W, 81, 38 %, 1530 MHz
2026/06/17 12:49:15.313, 33.74 W, 81, 39 %, 1507 MHz
2026/06/17 12:49:16.330, 33.79 W, 81, 40 %, 1507 MHz
2026/06/17 12:49:17.342, 33.95 W, 81, 41 %, 1545 MHz
2026/06/17 12:49:18.356, 35.50 W, 81, 39 %, 1582 MHz
2026/06/17 12:49:19.369, 34.62 W, 81, 38 %, 1582 MHz
2026/06/17 12:49:20.385, 33.51 W, 81, 41 %, 1560 MHz
2026/06/17 12:49:21.399, 35.21 W, 81, 39 %, 1560 MHz
2026/06/17 12:49:22.412, 32.25 W, 81, 30 %, 1500 MHz
2026/06/17 12:49:23.425, 33.15 W, 81, 38 %, 1500 MHz
2026/06/17 12:49:24.440, 32.48 W, 81, 35 %, 1500 MHz
2026/06/17 12:49:25.447, 32.12 W, 80, 28 %, 1500 MHz
2026/06/17 12:49:26.461, 32.43 W, 81, 35 %, 1500 MHz
2026/06/17 12:49:27.476, 32.93 W, 81, 36 %, 1500 MHz
2026/06/17 12:49:28.489, 32.09 W, 80, 35 %, 1500 MHz
2026/06/17 12:49:29.503, 33.40 W, 81, 37 %, 1500 MHz
2026/06/17 12:49:30.518, 33.15 W, 81, 38 %, 1500 MHz
2026/06/17 12:49:31.533, 32.15 W, 80, 38 %, 1500 MHz
2026/06/17 12:49:32.536, 33.03 W, 81, 37 %, 1500 MHz
2026/06/17 12:49:33.551, 34.00 W, 81, 37 %, 1552 MHz
2026/06/17 12:49:34.569, 33.79 W, 81, 36 %, 1500 MHz
2026/06/17 12:49:35.583, 33.27 W, 81, 36 %, 1500 MHz
2026/06/17 12:49:36.598, 32.20 W, 81, 30 %, 1500 MHz
2026/06/17 12:49:37.613, 32.56 W, 81, 36 %, 1500 MHz
2026/06/17 12:49:38.628, 33.01 W, 81, 37 %, 1500 MHz
2026/06/17 12:49:39.640, 32.07 W, 80, 37 %, 1500 MHz
2026/06/17 12:49:40.655, 32.43 W, 81, 35 %, 1500 MHz
2026/06/17 12:49:41.669, 32.42 W, 81, 36 %, 1500 MHz
2026/06/17 12:49:42.687, 31.92 W, 81, 37 %, 1500 MHz
2026/06/17 12:49:43.700, 32.70 W, 81, 36 %, 1500 MHz
2026/06/17 12:49:44.713, 32.23 W, 81, 39 %, 1500 MHz
2026/06/17 12:49:45.725, 31.94 W, 80, 38 %, 1500 MHz
2026/06/17 12:49:46.741, 32.88 W, 81, 37 %, 1500 MHz
2026/06/17 12:49:47.752, 30.96 W, 80, 38 %, 1500 MHz
2026/06/17 12:49:48.768, 33.09 W, 80, 39 %, 1500 MHz
2026/06/17 12:49:49.782, 32.86 W, 81, 36 %, 1500 MHz
2026/06/17 12:49:50.798, 32.06 W, 81, 29 %, 1500 MHz
2026/06/17 12:49:51.813, 33.08 W, 81, 37 %, 1500 MHz
2026/06/17 12:49:52.828, 32.97 W, 81, 37 %, 1500 MHz
2026/06/17 12:49:53.839, 33.01 W, 81, 35 %, 1500 MHz
2026/06/17 12:49:54.856, 33.34 W, 81, 38 %, 1500 MHz
2026/06/17 12:49:55.866, 33.45 W, 81, 40 %, 1500 MHz
2026/06/17 12:49:56.879, 32.18 W, 80, 36 %, 1500 MHz
2026/06/17 12:49:57.883, 32.68 W, 80, 37 %, 1500 MHz
2026/06/17 12:49:58.899, 32.48 W, 81, 34 %, 1500 MHz
2026/06/17 12:49:59.907, 32.02 W, 81, 38 %, 1500 MHz
2026/06/17 12:50:00.918, 33.61 W, 81, 38 %, 1500 MHz
2026/06/17 12:50:01.933, 33.60 W, 81, 39 %, 1507 MHz
2026/06/17 12:50:02.943, 32.90 W, 80, 37 %, 1507 MHz
2026/06/17 12:50:03.960, 33.99 W, 81, 40 %, 1500 MHz
2026/06/17 12:50:04.976, 34.25 W, 81, 37 %, 1522 MHz
2026/06/17 12:50:05.986, 35.19 W, 81, 38 %, 1567 MHz
2026/06/17 12:50:07.000, 36.46 W, 81, 37 %, 1597 MHz
2026/06/17 12:50:08.011, 36.35 W, 81, 37 %, 1597 MHz
2026/06/17 12:50:09.020, 34.28 W, 81, 40 %, 1515 MHz
2026/06/17 12:50:10.033, 35.61 W, 81, 39 %, 1575 MHz
2026/06/17 12:50:11.044, 31.48 W, 81, 35 %, 1575 MHz
2026/06/17 12:50:12.058, 34.00 W, 81, 35 %, 1507 MHz
2026/06/17 12:50:13.073, 32.74 W, 80, 36 %, 1500 MHz
2026/06/17 12:50:14.085, 31.87 W, 80, 33 %, 1500 MHz
2026/06/17 12:50:15.099, 32.38 W, 81, 36 %, 1500 MHz
2026/06/17 12:50:16.110, 32.24 W, 80, 36 %, 1500 MHz
2026/06/17 12:50:17.124, 29.40 W, 80, 36 %, 1507 MHz
2026/06/17 12:50:18.145, 33.86 W, 80, 39 %, 1530 MHz
2026/06/17 12:50:19.162, 34.99 W, 81, 39 %, 1545 MHz
2026/06/17 12:50:20.175, 33.91 W, 81, 32 %, 1545 MHz
2026/06/17 12:50:21.190, 33.56 W, 80, 39 %, 1500 MHz
2026/06/17 12:50:22.204, 33.49 W, 80, 39 %, 1500 MHz
2026/06/17 12:50:23.219, 36.55 W, 80, 29 %, 1500 MHz
2026/06/17 12:50:24.232, 33.97 W, 81, 39 %, 1530 MHz
2026/06/17 12:50:25.236, 35.14 W, 81, 40 %, 1530 MHz
2026/06/17 12:50:26.252, 33.56 W, 81, 39 %, 1530 MHz
2026/06/17 12:50:27.267, 34.76 W, 80, 40 %, 1530 MHz
2026/06/17 12:50:28.279, 33.05 W, 80, 36 %, 1522 MHz
2026/06/17 12:50:29.295, 32.72 W, 80, 36 %, 1522 MHz
2026/06/17 12:50:30.300, 32.83 W, 80, 37 %, 1500 MHz
2026/06/17 12:50:31.314, 32.54 W, 80, 36 %, 1500 MHz
2026/06/17 12:50:32.328, 32.17 W, 80, 36 %, 1500 MHz
2026/06/17 12:50:33.342, 34.16 W, 80, 38 %, 1530 MHz
2026/06/17 12:50:34.354, 34.57 W, 80, 36 %, 1575 MHz
2026/06/17 12:50:35.368, 35.10 W, 80, 38 %, 1522 MHz
2026/06/17 12:50:36.385, 34.86 W, 80, 39 %, 1552 MHz
2026/06/17 12:50:37.397, 36.09 W, 80, 39 %, 1612 MHz
2026/06/17 12:50:38.408, 35.40 W, 81, 37 %, 1612 MHz
2026/06/17 12:50:39.424, 33.45 W, 81, 38 %, 1582 MHz
2026/06/17 12:50:40.439, 30.45 W, 80, 37 %, 1582 MHz
2026/06/17 12:50:41.453, 35.39 W, 80, 39 %, 1537 MHz
2026/06/17 12:50:42.465, 37.11 W, 81, 39 %, 1597 MHz
2026/06/17 12:50:43.482, 34.68 W, 80, 28 %, 1500 MHz
2026/06/17 12:50:44.497, 46.60 W, 80, 35 %, 1500 MHz
2026/06/17 12:50:45.511, 32.51 W, 80, 36 %, 1500 MHz
2026/06/17 12:50:46.523, 35.53 W, 79, 31 %, 1500 MHz
2026/06/17 12:50:47.537, 32.54 W, 80, 34 %, 1500 MHz
2026/06/17 12:50:48.551, 31.31 W, 80, 32 %, 1500 MHz
2026/06/17 12:50:49.566, 31.75 W, 80, 36 %, 1500 MHz
2026/06/17 12:50:50.579, 32.59 W, 80, 37 %, 1500 MHz
2026/06/17 12:50:51.583, 33.59 W, 80, 41 %, 1522 MHz
2026/06/17 12:50:52.594, 33.09 W, 80, 39 %, 1522 MHz
2026/06/17 12:50:53.597, 33.91 W, 80, 41 %, 1530 MHz
2026/06/17 12:50:54.611, 34.98 W, 80, 40 %, 1545 MHz
2026/06/17 12:50:55.629, 34.28 W, 80, 39 %, 1545 MHz
2026/06/17 12:50:56.632, 34.50 W, 80, 38 %, 1507 MHz
2026/06/17 12:50:57.642, 32.73 W, 80, 34 %, 1500 MHz
2026/06/17 12:50:58.648, 32.48 W, 80, 38 %, 1500 MHz
2026/06/17 12:50:59.660, 33.03 W, 79, 37 %, 1500 MHz
2026/06/17 12:51:00.675, 31.03 W, 79, 32 %, 1500 MHz
2026/06/17 12:51:01.689, 31.74 W, 79, 35 %, 1500 MHz
2026/06/17 12:51:02.702, 31.75 W, 79, 35 %, 1500 MHz
2026/06/17 12:51:03.717, 31.97 W, 79, 34 %, 1500 MHz
2026/06/17 12:51:04.729, 32.94 W, 79, 38 %, 1500 MHz
2026/06/17 12:51:05.745, 31.97 W, 79, 36 %, 1500 MHz
2026/06/17 12:51:06.761, 34.42 W, 80, 40 %, 1560 MHz
2026/06/17 12:51:07.773, 38.47 W, 80, 39 %, 1650 MHz
2026/06/17 12:51:08.789, 36.72 W, 80, 34 %, 1650 MHz
2026/06/17 12:51:09.802, 36.93 W, 80, 38 %, 1575 MHz
2026/06/17 12:51:10.814, 34.03 W, 80, 36 %, 1507 MHz
2026/06/17 12:51:11.825, 32.44 W, 80, 29 %, 1500 MHz
2026/06/17 12:51:12.839, 33.17 W, 79, 35 %, 1537 MHz
2026/06/17 12:51:13.848, 33.66 W, 80, 37 %, 1537 MHz
2026/06/17 12:51:14.864, 34.12 W, 80, 31 %, 1575 MHz
2026/06/17 12:51:15.875, 32.26 W, 80, 39 %, 1582 MHz
2026/06/17 12:51:16.890, 33.78 W, 80, 36 %, 1500 MHz
2026/06/17 12:51:17.903, 32.26 W, 79, 31 %, 1500 MHz
2026/06/17 12:51:18.915, 32.47 W, 79, 38 %, 1500 MHz
2026/06/17 12:51:19.931, 32.42 W, 79, 38 %, 1500 MHz
2026/06/17 12:51:20.946, 32.60 W, 79, 29 %, 1515 MHz
2026/06/17 12:51:21.961, 35.77 W, 80, 40 %, 1665 MHz
2026/06/17 12:51:22.975, 39.26 W, 80, 39 %, 1687 MHz
2026/06/17 12:51:23.988, 40.71 W, 81, 41 %, 1732 MHz
2026/06/17 12:51:25.002, 40.98 W, 81, 37 %, 1732 MHz
2026/06/17 12:51:26.016, 40.69 W, 80, 38 %, 1657 MHz
2026/06/17 12:51:27.033, 37.41 W, 80, 36 %, 1612 MHz
2026/06/17 12:51:28.048, 34.42 W, 80, 37 %, 1515 MHz
2026/06/17 12:51:29.061, 35.93 W, 80, 38 %, 1665 MHz
2026/06/17 12:51:30.064, 37.10 W, 80, 36 %, 1665 MHz
2026/06/17 12:51:31.076, 34.85 W, 80, 41 %, 1575 MHz
2026/06/17 12:51:32.096, 37.03 W, 80, 35 %, 1672 MHz
2026/06/17 12:51:33.104, 37.42 W, 81, 35 %, 1672 MHz
2026/06/17 12:51:34.118, 34.24 W, 80, 39 %, 1500 MHz
2026/06/17 12:51:35.120, 31.08 W, 79, 35 %, 1500 MHz
2026/06/17 12:51:36.136, 32.17 W, 79, 36 %, 1500 MHz
2026/06/17 12:51:37.143, 32.51 W, 79, 35 %, 1500 MHz
2026/06/17 12:51:38.152, 30.40 W, 79, 32 %, 1500 MHz
2026/06/17 12:51:39.165, 34.68 W, 80, 38 %, 1500 MHz
2026/06/17 12:51:40.177, 33.97 W, 79, 37 %, 1537 MHz
2026/06/17 12:51:41.190, 35.74 W, 80, 41 %, 1597 MHz
2026/06/17 12:51:42.201, 37.48 W, 80, 36 %, 1642 MHz
2026/06/17 12:51:43.214, 36.81 W, 80, 36 %, 1582 MHz
2026/06/17 12:51:44.227, 35.82 W, 80, 37 %, 1620 MHz
2026/06/17 12:51:45.242, 39.70 W, 80, 40 %, 1695 MHz
2026/06/17 12:51:46.256, 40.91 W, 81, 39 %, 1725 MHz
2026/06/17 12:51:47.260, 43.28 W, 81, 39 %, 1732 MHz
2026/06/17 12:51:48.271, 40.47 W, 81, 34 %, 1747 MHz
2026/06/17 12:51:49.287, 40.41 W, 81, 35 %, 1747 MHz
2026/06/17 12:51:50.302, 33.86 W, 80, 36 %, 1537 MHz
2026/06/17 12:51:51.308, 32.90 W, 79, 38 %, 1500 MHz
2026/06/17 12:51:52.312, 32.44 W, 79, 38 %, 1500 MHz
2026/06/17 12:51:53.325, 33.62 W, 80, 39 %, 1500 MHz
2026/06/17 12:51:54.335, 33.38 W, 79, 37 %, 1500 MHz
2026/06/17 12:51:55.347, 33.24 W, 79, 40 %, 1500 MHz
2026/06/17 12:51:56.365, 34.95 W, 80, 42 %, 1567 MHz
2026/06/17 12:51:57.377, 38.28 W, 80, 39 %, 1672 MHz
2026/06/17 12:51:58.391, 39.60 W, 80, 40 %, 1687 MHz
2026/06/17 12:51:59.408, 42.63 W, 81, 42 %, 1785 MHz
2026/06/17 12:52:00.418, 43.22 W, 81, 36 %, 1785 MHz
2026/06/17 12:52:01.436, 40.97 W, 80, 38 %, 1650 MHz
2026/06/17 12:52:02.450, 31.89 W, 80, 36 %, 1605 MHz
2026/06/17 12:52:03.464, 33.67 W, 80, 38 %, 1515 MHz
2026/06/17 12:52:04.476, 31.62 W, 79, 33 %, 1500 MHz
2026/06/17 12:52:05.490, 29.24 W, 79, 27 %, 1500 MHz
2026/06/17 12:52:06.499, 32.25 W, 79, 34 %, 1500 MHz
2026/06/17 12:52:07.509, 31.91 W, 79, 35 %, 1500 MHz
2026/06/17 12:52:08.521, 30.92 W, 79, 31 %, 1500 MHz
2026/06/17 12:52:09.524, 32.92 W, 79, 38 %, 1500 MHz
2026/06/17 12:52:10.536, 33.42 W, 79, 38 %, 1507 MHz
2026/06/17 12:52:11.554, 33.64 W, 79, 38 %, 1552 MHz
2026/06/17 12:52:12.571, 36.11 W, 79, 39 %, 1552 MHz
2026/06/17 12:52:13.588, 34.50 W, 80, 40 %, 1522 MHz
2026/06/17 12:52:14.603, 38.19 W, 80, 32 %, 1695 MHz
2026/06/17 12:52:15.616, 39.25 W, 80, 40 %, 1695 MHz
2026/06/17 12:52:16.621, 39.56 W, 80, 39 %, 1695 MHz
2026/06/17 12:52:17.635, 34.79 W, 80, 39 %, 1582 MHz
2026/06/17 12:52:18.648, 33.79 W, 79, 36 %, 1515 MHz
2026/06/17 12:52:19.663, 33.47 W, 79, 41 %, 1545 MHz
2026/06/17 12:52:20.676, 33.46 W, 79, 34 %, 1545 MHz
2026/06/17 12:52:21.693, 31.58 W, 79, 34 %, 1500 MHz
2026/06/17 12:52:22.706, 31.22 W, 79, 37 %, 1500 MHz
2026/06/17 12:52:23.721, 31.19 W, 79, 36 %, 1500 MHz
2026/06/17 12:52:24.736, 31.68 W, 79, 36 %, 1507 MHz
2026/06/17 12:52:25.748, 33.92 W, 79, 38 %, 1515 MHz
2026/06/17 12:52:26.756, 29.86 W, 79, 34 %, 1515 MHz
2026/06/17 12:52:27.768, 34.90 W, 80, 39 %, 1545 MHz
2026/06/17 12:52:28.781, 34.66 W, 79, 38 %, 1552 MHz
2026/06/17 12:52:29.796, 33.18 W, 79, 39 %, 1665 MHz
2026/06/17 12:52:30.808, 37.67 W, 80, 36 %, 1665 MHz
2026/06/17 12:52:31.824, 38.43 W, 80, 40 %, 1665 MHz
2026/06/17 12:52:32.837, 37.35 W, 80, 37 %, 1665 MHz
2026/06/17 12:52:33.851, 35.78 W, 79, 39 %, 1605 MHz
2026/06/17 12:52:34.865, 37.70 W, 80, 39 %, 1627 MHz
2026/06/17 12:52:35.877, 39.68 W, 81, 41 %, 1710 MHz
2026/06/17 12:52:36.896, 39.24 W, 80, 36 %, 1710 MHz
2026/06/17 12:52:37.913, 36.79 W, 80, 36 %, 1530 MHz
2026/06/17 12:52:38.927, 33.21 W, 79, 37 %, 1500 MHz
2026/06/17 12:52:39.943, 32.77 W, 79, 38 %, 1500 MHz
2026/06/17 12:52:40.961, 42.86 W, 81, 43 %, 1830 MHz
2026/06/17 12:52:41.973, 52.17 W, 82, 38 %, 1905 MHz
2026/06/17 12:52:42.984, 52.55 W, 83, 39 %, 1905 MHz
2026/06/17 12:52:44.000, 45.74 W, 82, 34 %, 1830 MHz
2026/06/17 12:52:45.017, 46.73 W, 82, 38 %, 1830 MHz
2026/06/17 12:52:46.031, 38.84 W, 81, 36 %, 1680 MHz
2026/06/17 12:52:47.044, 39.16 W, 81, 39 %, 1665 MHz
2026/06/17 12:52:48.062, 40.92 W, 81, 28 %, 1770 MHz
2026/06/17 12:52:49.072, 42.54 W, 81, 35 %, 1770 MHz
2026/06/17 12:52:50.084, 37.51 W, 80, 37 %, 1650 MHz
2026/06/17 12:52:51.101, 38.85 W, 81, 42 %, 1747 MHz
2026/06/17 12:52:52.114, 40.66 W, 81, 30 %, 1747 MHz
2026/06/17 12:52:53.118, 37.57 W, 80, 35 %, 1545 MHz
2026/06/17 12:52:54.130, 33.06 W, 80, 37 %, 1500 MHz
2026/06/17 12:52:55.145, 33.15 W, 80, 39 %, 1500 MHz
2026/06/17 12:52:56.159, 31.47 W, 79, 37 %, 1500 MHz
2026/06/17 12:52:57.171, 33.85 W, 80, 40 %, 1515 MHz
2026/06/17 12:52:58.187, 33.31 W, 79, 40 %, 1515 MHz
2026/06/17 12:52:59.200, 34.36 W, 80, 41 %, 1545 MHz
2026/06/17 12:53:00.216, 34.25 W, 80, 37 %, 1545 MHz
2026/06/17 12:53:01.230, 34.90 W, 80, 39 %, 1537 MHz
2026/06/17 12:53:02.243, 34.24 W, 80, 39 %, 1522 MHz
2026/06/17 12:53:03.257, 33.40 W, 79, 41 %, 1515 MHz
2026/06/17 12:53:04.268, 33.73 W, 80, 40 %, 1515 MHz
2026/06/17 12:53:05.280, 33.69 W, 80, 41 %, 1537 MHz
2026/06/17 12:53:06.297, 33.66 W, 80, 39 %, 1620 MHz
2026/06/17 12:53:07.309, 36.68 W, 80, 39 %, 1620 MHz
2026/06/17 12:53:08.312, 34.61 W, 79, 35 %, 1522 MHz
2026/06/17 12:53:09.328, 31.23 W, 79, 36 %, 1500 MHz
2026/06/17 12:53:10.345, 32.06 W, 79, 36 %, 1500 MHz
2026/06/17 12:53:11.358, 32.12 W, 79, 37 %, 1500 MHz
2026/06/17 12:53:12.373, 32.27 W, 79, 27 %, 1500 MHz
2026/06/17 12:53:13.384, 33.23 W, 79, 39 %, 1500 MHz
2026/06/17 12:53:14.398, 34.23 W, 79, 40 %, 1522 MHz
2026/06/17 12:53:15.413, 35.07 W, 80, 32 %, 1552 MHz
2026/06/17 12:53:16.430, 34.92 W, 79, 39 %, 1522 MHz
2026/06/17 12:53:17.444, 34.05 W, 79, 39 %, 1522 MHz
2026/06/17 12:53:18.450, 43.67 W, 81, 40 %, 1740 MHz
2026/06/17 12:53:19.468, 46.19 W, 81, 34 %, 1852 MHz
2026/06/17 12:53:20.483, 44.30 W, 81, 31 %, 1605 MHz
2026/06/17 12:53:21.493, 33.83 W, 80, 37 %, 1537 MHz
2026/06/17 12:53:22.508, 32.01 W, 79, 36 %, 1500 MHz
2026/06/17 12:53:23.523, 32.91 W, 79, 38 %, 1500 MHz
2026/06/17 12:53:24.534, 51.80 W, 79, 36 %, 1500 MHz
2026/06/17 12:53:25.551, 31.67 W, 79, 35 %, 1500 MHz
2026/06/17 12:53:26.552, 31.83 W, 79, 35 %, 1500 MHz
2026/06/17 12:53:27.562, 31.74 W, 79, 36 %, 1500 MHz
2026/06/17 12:53:28.573, 31.17 W, 79, 35 %, 1500 MHz
2026/06/17 12:53:29.582, 34.41 W, 79, 39 %, 1552 MHz
2026/06/17 12:53:30.591, 34.21 W, 79, 40 %, 1575 MHz
2026/06/17 12:53:31.603, 36.38 W, 79, 40 %, 1597 MHz
2026/06/17 12:53:32.618, 36.68 W, 80, 38 %, 1635 MHz
2026/06/17 12:53:33.628, 38.18 W, 80, 39 %, 1635 MHz
2026/06/17 12:53:34.643, 36.28 W, 80, 38 %, 1597 MHz
2026/06/17 12:53:35.658, 36.10 W, 80, 39 %, 1620 MHz
2026/06/17 12:53:36.669, 34.84 W, 80, 37 %, 1537 MHz
2026/06/17 12:53:37.684, 35.43 W, 80, 38 %, 1590 MHz
2026/06/17 12:53:38.691, 35.78 W, 80, 37 %, 1635 MHz
2026/06/17 12:53:39.705, 36.91 W, 80, 38 %, 1635 MHz
2026/06/17 12:53:40.719, 32.67 W, 79, 35 %, 1507 MHz
2026/06/17 12:53:41.734, 32.13 W, 79, 35 %, 1500 MHz
2026/06/17 12:53:42.747, 32.40 W, 79, 37 %, 1500 MHz
2026/06/17 12:53:43.761, 32.20 W, 79, 35 %, 1500 MHz
2026/06/17 12:53:44.779, 32.97 W, 79, 38 %, 1545 MHz
2026/06/17 12:53:45.793, 36.65 W, 80, 41 %, 1612 MHz
2026/06/17 12:53:46.810, 36.52 W, 79, 36 %, 1612 MHz
2026/06/17 12:53:47.813, 35.98 W, 79, 40 %, 1590 MHz
2026/06/17 12:53:48.823, 35.40 W, 80, 37 %, 1590 MHz
2026/06/17 12:53:49.836, 37.07 W, 80, 38 %, 1650 MHz
2026/06/17 12:53:50.848, 37.27 W, 80, 39 %, 1650 MHz
2026/06/17 12:53:51.861, 36.68 W, 80, 39 %, 1605 MHz
2026/06/17 12:53:52.866, 35.24 W, 80, 41 %, 1612 MHz
2026/06/17 12:53:53.880, 34.01 W, 80, 39 %, 1612 MHz
2026/06/17 12:53:54.895, 35.89 W, 79, 39 %, 1575 MHz
2026/06/17 12:53:55.905, 36.06 W, 79, 35 %, 1620 MHz
2026/06/17 12:53:56.921, 34.87 W, 80, 36 %, 1620 MHz
2026/06/17 12:53:57.936, 32.99 W, 79, 36 %, 1500 MHz
2026/06/17 12:53:58.951, 32.53 W, 79, 36 %, 1500 MHz
2026/06/17 12:53:59.967, 32.24 W, 79, 38 %, 1500 MHz
2026/06/17 12:54:00.981, 31.14 W, 79, 38 %, 1515 MHz
2026/06/17 12:54:01.993, 34.78 W, 80, 37 %, 1597 MHz
2026/06/17 12:54:03.009, 36.41 W, 79, 38 %, 1597 MHz
2026/06/17 12:54:04.024, 37.54 W, 80, 39 %, 1642 MHz
2026/06/17 12:54:05.039, 36.58 W, 80, 36 %, 1582 MHz
2026/06/17 12:54:06.056, 35.19 W, 79, 40 %, 1567 MHz
2026/06/17 12:54:07.072, 36.42 W, 80, 42 %, 1635 MHz
2026/06/17 12:54:08.084, 36.73 W, 80, 35 %, 1635 MHz
2026/06/17 12:54:09.099, 37.09 W, 80, 41 %, 1627 MHz
2026/06/17 12:54:10.110, 37.46 W, 80, 40 %, 1657 MHz
2026/06/17 12:54:11.126, 37.75 W, 80, 37 %, 1657 MHz
2026/06/17 12:54:12.141, 35.85 W, 80, 35 %, 1597 MHz
2026/06/17 12:54:13.158, 33.47 W, 79, 37 %, 1522 MHz
2026/06/17 12:54:14.173, 32.60 W, 79, 38 %, 1500 MHz
2026/06/17 12:54:15.187, 32.38 W, 79, 39 %, 1500 MHz
2026/06/17 12:54:16.199, 32.00 W, 79, 37 %, 1500 MHz
2026/06/17 12:54:17.213, 33.53 W, 79, 39 %, 1530 MHz
2026/06/17 12:54:18.225, 35.21 W, 80, 42 %, 1597 MHz
2026/06/17 12:54:19.238, 36.30 W, 80, 40 %, 1605 MHz
2026/06/17 12:54:20.252, 35.99 W, 80, 39 %, 1605 MHz
2026/06/17 12:54:21.268, 35.67 W, 79, 39 %, 1582 MHz
2026/06/17 12:54:22.285, 35.29 W, 79, 40 %, 1582 MHz
2026/06/17 12:54:23.297, 34.38 W, 79, 39 %, 1537 MHz
2026/06/17 12:54:24.312, 33.61 W, 79, 38 %, 1507 MHz
2026/06/17 12:54:25.327, 33.88 W, 79, 39 %, 1552 MHz
2026/06/17 12:54:26.343, 34.41 W, 79, 38 %, 1552 MHz
2026/06/17 12:54:27.356, 34.94 W, 79, 39 %, 1545 MHz
2026/06/17 12:54:28.371, 32.12 W, 79, 36 %, 1500 MHz
2026/06/17 12:54:29.374, 31.97 W, 79, 35 %, 1500 MHz
2026/06/17 12:54:30.384, 31.27 W, 79, 36 %, 1500 MHz
2026/06/17 12:54:31.397, 31.52 W, 79, 36 %, 1500 MHz
2026/06/17 12:54:32.408, 32.03 W, 79, 36 %, 1500 MHz
2026/06/17 12:54:33.425, 32.30 W, 79, 38 %, 1500 MHz
2026/06/17 12:54:34.437, 32.70 W, 79, 40 %, 1500 MHz
2026/06/17 12:54:35.453, 32.74 W, 79, 40 %, 1507 MHz
2026/06/17 12:54:36.468, 33.11 W, 79, 38 %, 1507 MHz
2026/06/17 12:54:37.484, 33.20 W, 79, 37 %, 1515 MHz
2026/06/17 12:54:38.496, 32.79 W, 79, 38 %, 1515 MHz
2026/06/17 12:54:39.510, 32.67 W, 79, 37 %, 1500 MHz
2026/06/17 12:54:40.524, 32.37 W, 79, 38 %, 1500 MHz
2026/06/17 12:54:41.537, 32.58 W, 78, 38 %, 1500 MHz
2026/06/17 12:54:42.550, 32.65 W, 79, 38 %, 1507 MHz
2026/06/17 12:54:43.565, 32.58 W, 79, 38 %, 1507 MHz
2026/06/17 12:54:44.568, 33.41 W, 78, 35 %, 1500 MHz
2026/06/17 12:54:45.583, 31.75 W, 78, 35 %, 1500 MHz
2026/06/17 12:54:46.596, 31.46 W, 78, 34 %, 1500 MHz
2026/06/17 12:54:47.610, 31.95 W, 78, 36 %, 1500 MHz
2026/06/17 12:54:48.624, 32.39 W, 78, 37 %, 1500 MHz
2026/06/17 12:54:49.637, 31.99 W, 78, 31 %, 1500 MHz
2026/06/17 12:54:50.654, 32.28 W, 79, 33 %, 1500 MHz
2026/06/17 12:54:51.657, 31.79 W, 78, 37 %, 1500 MHz
2026/06/17 12:54:52.669, 31.31 W, 78, 35 %, 1500 MHz
2026/06/17 12:54:53.684, 31.52 W, 78, 36 %, 1500 MHz
2026/06/17 12:54:54.699, 31.10 W, 78, 35 %, 1500 MHz
2026/06/17 12:54:55.713, 33.57 W, 78, 38 %, 1515 MHz
2026/06/17 12:54:56.730, 42.70 W, 80, 33 %, 1800 MHz
2026/06/17 12:54:57.749, 44.12 W, 81, 36 %, 1800 MHz
2026/06/17 12:54:58.765, 39.51 W, 80, 36 %, 1665 MHz
2026/06/17 12:54:59.779, 36.90 W, 79, 37 %, 1620 MHz
2026/06/17 12:55:00.792, 33.29 W, 79, 37 %, 1537 MHz
2026/06/17 12:55:01.806, 31.82 W, 79, 36 %, 1500 MHz
2026/06/17 12:55:02.823, 32.08 W, 79, 34 %, 1500 MHz
2026/06/17 12:55:03.834, 31.98 W, 78, 35 %, 1500 MHz
2026/06/17 12:55:04.853, 30.82 W, 78, 32 %, 1500 MHz
2026/06/17 12:55:05.870, 34.19 W, 79, 40 %, 1545 MHz
2026/06/17 12:55:06.883, 36.33 W, 79, 37 %, 1605 MHz
2026/06/17 12:55:07.896, 35.14 W, 79, 40 %, 1605 MHz
2026/06/17 12:55:08.908, 37.04 W, 80, 39 %, 1642 MHz
2026/06/17 12:55:09.925, 36.97 W, 79, 37 %, 1597 MHz
2026/06/17 12:55:10.939, 37.21 W, 79, 41 %, 1650 MHz
2026/06/17 12:55:11.951, 38.65 W, 80, 40 %, 1665 MHz
2026/06/17 12:55:12.967, 40.03 W, 80, 38 %, 1695 MHz
2026/06/17 12:55:13.980, 40.31 W, 80, 40 %, 1687 MHz
2026/06/17 12:55:14.994, 38.89 W, 80, 39 %, 1665 MHz
2026/06/17 12:55:16.007, 37.51 W, 79, 35 %, 1620 MHz
2026/06/17 12:55:17.022, 33.93 W, 79, 37 %, 1545 MHz
2026/06/17 12:55:18.034, 32.82 W, 79, 36 %, 1500 MHz
2026/06/17 12:55:19.039, 32.22 W, 79, 36 %, 1500 MHz
2026/06/17 12:55:20.051, 32.04 W, 79, 36 %, 1500 MHz
2026/06/17 12:55:21.068, 31.10 W, 79, 38 %, 1500 MHz
2026/06/17 12:55:22.087, 34.03 W, 79, 36 %, 1537 MHz
2026/06/17 12:55:23.106, 33.33 W, 79, 36 %, 1537 MHz
2026/06/17 12:55:24.119, 33.09 W, 79, 38 %, 1507 MHz
2026/06/17 12:55:25.135, 32.32 W, 79, 37 %, 1507 MHz
2026/06/17 12:55:26.147, 32.76 W, 79, 39 %, 1500 MHz
2026/06/17 12:55:27.164, 32.59 W, 79, 39 %, 1500 MHz
2026/06/17 12:55:28.179, 32.37 W, 78, 38 %, 1500 MHz
2026/06/17 12:55:29.190, 32.60 W, 78, 38 %, 1500 MHz
2026/06/17 12:55:30.201, 32.69 W, 79, 38 %, 1500 MHz
2026/06/17 12:55:31.211, 32.19 W, 78, 36 %, 1500 MHz
2026/06/17 12:55:32.225, 32.14 W, 78, 36 %, 1500 MHz
2026/06/17 12:55:33.238, 31.41 W, 78, 35 %, 1500 MHz
2026/06/17 12:55:34.251, 31.48 W, 78, 35 %, 1500 MHz
2026/06/17 12:55:35.265, 31.80 W, 79, 36 %, 1500 MHz
2026/06/17 12:55:36.270, 31.99 W, 78, 38 %, 1500 MHz
2026/06/17 12:55:37.283, 32.35 W, 78, 38 %, 1500 MHz
2026/06/17 12:55:38.297, 32.40 W, 79, 39 %, 1500 MHz
2026/06/17 12:55:39.310, 32.66 W, 78, 38 %, 1500 MHz
2026/06/17 12:55:40.322, 32.50 W, 78, 38 %, 1500 MHz
2026/06/17 12:55:41.332, 32.98 W, 79, 39 %, 1500 MHz
2026/06/17 12:55:42.350, 34.56 W, 79, 37 %, 1560 MHz
2026/06/17 12:55:43.366, 36.38 W, 79, 39 %, 1612 MHz
2026/06/17 12:55:44.383, 38.16 W, 79, 41 %, 1717 MHz
2026/06/17 12:55:45.400, 40.15 W, 80, 38 %, 1725 MHz
2026/06/17 12:55:46.403, 40.55 W, 80, 38 %, 1725 MHz
2026/06/17 12:55:47.416, 41.13 W, 80, 38 %, 1740 MHz
2026/06/17 12:55:48.433, 38.49 W, 80, 35 %, 1740 MHz
2026/06/17 12:55:49.444, 35.73 W, 79, 38 %, 1560 MHz
2026/06/17 12:55:50.456, 33.30 W, 79, 37 %, 1500 MHz
2026/06/17 12:55:51.473, 31.62 W, 79, 36 %, 1500 MHz
2026/06/17 12:55:52.489, 34.81 W, 79, 41 %, 1530 MHz
2026/06/17 12:55:53.505, 35.00 W, 79, 37 %, 1590 MHz
2026/06/17 12:55:54.522, 35.54 W, 79, 38 %, 1590 MHz
2026/06/17 12:55:55.529, 35.67 W, 79, 37 %, 1590 MHz
2026/06/17 12:55:56.545, 33.93 W, 79, 37 %, 1515 MHz
2026/06/17 12:55:57.560, 33.96 W, 79, 38 %, 1552 MHz
2026/06/17 12:55:58.571, 34.35 W, 79, 38 %, 1552 MHz
2026/06/17 12:55:59.586, 33.56 W, 79, 37 %, 1515 MHz
2026/06/17 12:56:00.598, 33.64 W, 79, 37 %, 1552 MHz
2026/06/17 12:56:01.610, 34.69 W, 79, 40 %, 1560 MHz
2026/06/17 12:56:02.614, 34.93 W, 79, 37 %, 1575 MHz
2026/06/17 12:56:03.631, 34.92 W, 79, 37 %, 1575 MHz
2026/06/17 12:56:04.645, 33.96 W, 79, 37 %, 1500 MHz
2026/06/17 12:56:05.658, 32.02 W, 79, 35 %, 1500 MHz
2026/06/17 12:56:06.674, 32.09 W, 78, 37 %, 1500 MHz
2026/06/17 12:56:07.684, 32.18 W, 79, 37 %, 1500 MHz
2026/06/17 12:56:08.699, 32.74 W, 79, 40 %, 1537 MHz
2026/06/17 12:56:09.716, 33.48 W, 79, 37 %, 1537 MHz
2026/06/17 12:56:10.733, 34.14 W, 79, 40 %, 1522 MHz
2026/06/17 12:56:11.745, 32.71 W, 78, 39 %, 1500 MHz
2026/06/17 12:56:12.755, 33.13 W, 79, 39 %, 1522 MHz
2026/06/17 12:56:13.772, 33.90 W, 79, 38 %, 1545 MHz
2026/06/17 12:56:14.786, 34.11 W, 79, 40 %, 1545 MHz
2026/06/17 12:56:15.800, 33.44 W, 79, 40 %, 1500 MHz
2026/06/17 12:56:16.817, 33.82 W, 79, 39 %, 1537 MHz
2026/06/17 12:56:17.832, 34.14 W, 79, 39 %, 1537 MHz
2026/06/17 12:56:18.837, 34.26 W, 79, 41 %, 1560 MHz
2026/06/17 12:56:19.852, 34.20 W, 79, 40 %, 1560 MHz
2026/06/17 12:56:20.855, 32.37 W, 79, 37 %, 1500 MHz
2026/06/17 12:56:21.869, 32.00 W, 79, 36 %, 1500 MHz
2026/06/17 12:56:22.885, 32.30 W, 79, 38 %, 1500 MHz
2026/06/17 12:56:23.902, 31.37 W, 78, 33 %, 1500 MHz
2026/06/17 12:56:24.919, 33.45 W, 79, 41 %, 1537 MHz
2026/06/17 12:56:25.937, 34.58 W, 79, 40 %, 1552 MHz
2026/06/17 12:56:26.942, 34.35 W, 79, 38 %, 1552 MHz
2026/06/17 12:56:27.954, 33.82 W, 79, 35 %, 1560 MHz
2026/06/17 12:56:28.969, 34.44 W, 79, 40 %, 1560 MHz
2026/06/17 12:56:29.984, 34.50 W, 79, 33 %, 1582 MHz
2026/06/17 12:56:30.988, 34.57 W, 79, 38 %, 1582 MHz
2026/06/17 12:56:31.994, 34.01 W, 79, 38 %, 1537 MHz
2026/06/17 12:56:32.999, 34.56 W, 79, 37 %, 1567 MHz
2026/06/17 12:56:34.015, 35.80 W, 79, 39 %, 1567 MHz
2026/06/17 12:56:35.032, 35.38 W, 79, 40 %, 1582 MHz
2026/06/17 12:56:36.042, 34.77 W, 79, 35 %, 1582 MHz
2026/06/17 12:56:37.062, 32.01 W, 78, 37 %, 1500 MHz
2026/06/17 12:56:38.078, 31.23 W, 78, 35 %, 1500 MHz
2026/06/17 12:56:39.091, 32.30 W, 78, 37 %, 1500 MHz
2026/06/17 12:56:40.101, 31.58 W, 79, 36 %, 1500 MHz
2026/06/17 12:56:41.120, 32.47 W, 79, 40 %, 1515 MHz
2026/06/17 12:56:42.130, 33.35 W, 79, 39 %, 1515 MHz
2026/06/17 12:56:43.143, 33.33 W, 79, 40 %, 1522 MHz
2026/06/17 12:56:44.158, 33.61 W, 79, 39 %, 1522 MHz
2026/06/17 12:56:45.162, 33.42 W, 79, 41 %, 1522 MHz
2026/06/17 12:56:46.178, 33.72 W, 79, 40 %, 1530 MHz
2026/06/17 12:56:47.192, 35.03 W, 79, 37 %, 1530 MHz
2026/06/17 12:56:48.205, 34.33 W, 79, 40 %, 1530 MHz
2026/06/17 12:56:49.221, 34.18 W, 79, 38 %, 1590 MHz
2026/06/17 12:56:50.237, 35.32 W, 79, 39 %, 1590 MHz
2026/06/17 12:56:51.256, 35.10 W, 79, 39 %, 1552 MHz
2026/06/17 12:56:52.274, 30.83 W, 78, 32 %, 1500 MHz
2026/06/17 12:56:53.287, 31.36 W, 78, 36 %, 1500 MHz
2026/06/17 12:56:54.303, 29.66 W, 78, 32 %, 1500 MHz
2026/06/17 12:56:55.316, 31.66 W, 78, 38 %, 1500 MHz
2026/06/17 12:56:56.333, 31.65 W, 78, 36 %, 1500 MHz
2026/06/17 12:56:57.349, 31.16 W, 78, 35 %, 1500 MHz
2026/06/17 12:56:58.361, 31.55 W, 78, 35 %, 1500 MHz
2026/06/17 12:56:59.377, 31.97 W, 78, 36 %, 1500 MHz
2026/06/17 12:57:00.391, 31.85 W, 78, 35 %, 1500 MHz
2026/06/17 12:57:01.406, 32.33 W, 78, 37 %, 1500 MHz
2026/06/17 12:57:02.425, 32.01 W, 78, 38 %, 1500 MHz
2026/06/17 12:57:03.438, 32.17 W, 78, 37 %, 1500 MHz
2026/06/17 12:57:04.454, 31.78 W, 78, 36 %, 1500 MHz
2026/06/17 12:57:05.470, 31.85 W, 78, 35 %, 1500 MHz
2026/06/17 12:57:06.483, 30.48 W, 78, 30 %, 1500 MHz
2026/06/17 12:57:07.497, 29.72 W, 78, 30 %, 1500 MHz
2026/06/17 12:57:08.513, 29.14 W, 78, 31 %, 1500 MHz
2026/06/17 12:57:09.516, 29.89 W, 78, 30 %, 1500 MHz
2026/06/17 12:57:10.530, 29.27 W, 78, 30 %, 1500 MHz
2026/06/17 12:57:11.539, 29.25 W, 78, 30 %, 1500 MHz
2026/06/17 12:57:12.552, 29.00 W, 77, 26 %, 1500 MHz
2026/06/17 12:57:13.557, 31.05 W, 78, 32 %, 1500 MHz
2026/06/17 12:57:14.571, 31.43 W, 78, 30 %, 1500 MHz
2026/06/17 12:57:15.580, 31.02 W, 78, 34 %, 1500 MHz
2026/06/17 12:57:16.590, 31.19 W, 78, 34 %, 1500 MHz
2026/06/17 12:57:17.606, 30.83 W, 78, 32 %, 1500 MHz
2026/06/17 12:57:18.621, 30.05 W, 77, 31 %, 1500 MHz
2026/06/17 12:57:19.633, 30.80 W, 78, 33 %, 1500 MHz
2026/06/17 12:57:20.649, 30.78 W, 78, 33 %, 1500 MHz
2026/06/17 12:57:21.664, 30.40 W, 78, 33 %, 1500 MHz
2026/06/17 12:57:22.679, 31.75 W, 78, 33 %, 1500 MHz
2026/06/17 12:57:23.689, 30.82 W, 78, 33 %, 1500 MHz
2026/06/17 12:57:24.704, 30.64 W, 77, 32 %, 1500 MHz
2026/06/17 12:57:25.716, 30.71 W, 78, 32 %, 1500 MHz
2026/06/17 12:57:26.719, 30.85 W, 78, 32 %, 1500 MHz
2026/06/17 12:57:27.735, 31.53 W, 78, 34 %, 1500 MHz
2026/06/17 12:57:28.753, 31.64 W, 78, 36 %, 1500 MHz
2026/06/17 12:57:29.762, 32.00 W, 78, 36 %, 1500 MHz
2026/06/17 12:57:30.769, 32.24 W, 78, 36 %, 1500 MHz
2026/06/17 12:57:31.779, 32.12 W, 78, 37 %, 1500 MHz
2026/06/17 12:57:32.791, 33.67 W, 78, 38 %, 1500 MHz
2026/06/17 12:57:33.806, 33.73 W, 78, 39 %, 1500 MHz
2026/06/17 12:57:34.818, 30.59 W, 78, 38 %, 1500 MHz
2026/06/17 12:57:35.828, 32.29 W, 78, 36 %, 1500 MHz
2026/06/17 12:57:36.839, 31.73 W, 78, 33 %, 1500 MHz
2026/06/17 12:57:37.847, 32.01 W, 78, 32 %, 1500 MHz
2026/06/17 12:57:38.857, 31.64 W, 78, 36 %, 1500 MHz
2026/06/17 12:57:39.871, 32.13 W, 78, 35 %, 1500 MHz
2026/06/17 12:57:40.875, 30.74 W, 78, 33 %, 1500 MHz
2026/06/17 12:57:41.890, 28.90 W, 78, 32 %, 1500 MHz
2026/06/17 12:57:42.904, 30.27 W, 78, 30 %, 1500 MHz
2026/06/17 12:57:43.920, 30.18 W, 78, 33 %, 1500 MHz
2026/06/17 12:57:44.939, 31.16 W, 78, 36 %, 1500 MHz
2026/06/17 12:57:45.950, 31.18 W, 78, 37 %, 1500 MHz
2026/06/17 12:57:46.968, 31.55 W, 78, 37 %, 1500 MHz
2026/06/17 12:57:47.986, 31.09 W, 78, 34 %, 1500 MHz
2026/06/17 12:57:49.003, 31.49 W, 78, 35 %, 1500 MHz
2026/06/17 12:57:50.018, 32.05 W, 78, 37 %, 1500 MHz
2026/06/17 12:57:51.021, 31.65 W, 78, 37 %, 1500 MHz
2026/06/17 12:57:52.032, 32.14 W, 78, 36 %, 1500 MHz
2026/06/17 12:57:53.048, 31.31 W, 78, 37 %, 1500 MHz
2026/06/17 12:57:54.062, 31.46 W, 78, 36 %, 1500 MHz
2026/06/17 12:57:55.079, 31.61 W, 78, 33 %, 1500 MHz
2026/06/17 12:57:56.090, 31.04 W, 78, 33 %, 1500 MHz
2026/06/17 12:57:57.104, 30.35 W, 78, 31 %, 1500 MHz
2026/06/17 12:57:58.116, 30.49 W, 78, 32 %, 1500 MHz
2026/06/17 12:57:59.120, 30.29 W, 78, 30 %, 1500 MHz
2026/06/17 12:58:00.132, 30.82 W, 78, 32 %, 1500 MHz
2026/06/17 12:58:01.150, 31.04 W, 78, 32 %, 1500 MHz
2026/06/17 12:58:02.169, 32.39 W, 78, 36 %, 1500 MHz
2026/06/17 12:58:03.181, 33.76 W, 78, 39 %, 1500 MHz
2026/06/17 12:58:04.195, 32.91 W, 78, 37 %, 1500 MHz
2026/06/17 12:58:05.209, 33.43 W, 78, 37 %, 1500 MHz
2026/06/17 12:58:06.222, 32.87 W, 78, 37 %, 1500 MHz
2026/06/17 12:58:07.239, 31.67 W, 78, 35 %, 1500 MHz
2026/06/17 12:58:08.249, 31.99 W, 78, 36 %, 1500 MHz
2026/06/17 12:58:09.260, 32.00 W, 78, 36 %, 1500 MHz
2026/06/17 12:58:10.275, 38.99 W, 79, 16 %, 1897 MHz
2026/06/17 12:58:11.289, 40.61 W, 80, 19 %, 1897 MHz
2026/06/17 12:58:12.301, 26.80 W, 78, 22 %, 1500 MHz
2026/06/17 12:58:13.309, 26.64 W, 77, 21 %, 1500 MHz
2026/06/17 12:58:14.314, 19.33 W, 76, 6 %, 1500 MHz
2026/06/17 12:58:15.323, 19.07 W, 76, 5 %, 1500 MHz
2026/06/17 12:58:16.339, 18.96 W, 76, 0 %, 1500 MHz
2026/06/17 12:58:17.353, 18.91 W, 75, 0 %, 1500 MHz
2026/06/17 12:58:18.369, 18.83 W, 75, 0 %, 1500 MHz
2026/06/17 12:58:19.374, 18.81 W, 75, 0 %, 1500 MHz
2026/06/17 12:58:20.387, 18.81 W, 75, 0 %, 1500 MHz
2026/06/17 12:58:21.404, 18.73 W, 74, 0 %, 1500 MHz
2026/06/17 12:58:22.410, 18.69 W, 74, 0 %, 1500 MHz
